,Phenophase_ID,base_model,build_date,forecast_version,model_file,n_observations,note,percent_test,species
0,501,ThermalTime,2018-03-07,1,platanthera_praeclara_501_version1.json,25,Model from Lori Biederman,0.2,platanthera praeclara
1,371,ThermalTime,2018-03-07,1,platanthera_praeclara_371_version1.json,25,Model from Lori Biederman,0.2,platanthera praeclara
2,501,ThermalTime,2018-01-02,1,robinia_pseudoacacia_501_d12c90ba-efe2-11e7-a833-0025905506e8.json,25,"Selected the best model via aic from ThermalTime,Alternating and Uniforc.",0.2,robinia pseudoacacia
3,501,ThermalTime,2018-01-02,1,salix_hookeriana_501_e830acce-efe2-11e7-b873-0025905504c6.json,53,"Selected the best model via aic from ThermalTime,Alternating and Uniforc.",0.2,salix hookeriana
4,501,Alternating,2018-01-02,1,rubus_ursinus_501_e980cb18-efe2-11e7-9d44-00259055c88c.json,25,"Selected the best model via aic from ThermalTime,Alternating and Uniforc.",0.2,rubus ursinus
5,501,Alternating,2018-01-02,1,salix_lasiolepis_501_ea566f66-efe2-11e7-a20d-002590550586.json,92,"Selected the best model via aic from ThermalTime,Alternating and Uniforc.",0.2,salix lasiolepis
6,501,Uniforc,2018-01-02,1,quercus_douglasii_501_f8ff4204-efe2-11e7-9dd8-00259055c876.json,75,"Selected the best model via aic from ThermalTime,Alternating and Uniforc.",0.2,quercus douglasii
7,501,ThermalTime,2018-01-02,1,umbellularia_californica_501_fca980fe-efe2-11e7-8524-008cfa111230.json,73,"Selected the best model via aic from ThermalTime,Alternating and Uniforc.",0.2,umbellularia californica
8,501,ThermalTime,2018-01-02,1,tilia_americana_501_01eaee54-efe3-11e7-ad76-008cfa197c04.json,53,"Selected the best model via aic from ThermalTime,Alternating and Uniforc.",0.2,tilia americana
9,501,Alternating,2018-01-02,1,quercus_palustris_501_051df10c-efe3-11e7-aea1-002590550516.json,35,"Selected the best model via aic from ThermalTime,Alternating and Uniforc.",0.2,quercus palustris
10,501,Alternating,2018-01-02,1,quercus_virginiana_501_0537d5a4-efe3-11e7-8cb4-002590552120.json,14,"Selected the best model via aic from ThermalTime,Alternating and Uniforc.",0.2,quercus virginiana
11,501,Alternating,2018-01-02,1,prunus_persica_501_09c3b43a-efe3-11e7-bf22-002590548934.json,30,"Selected the best model via aic from ThermalTime,Alternating and Uniforc.",0.2,prunus persica
12,501,ThermalTime,2018-01-02,1,quercus_gambelii_501_1496b2a4-efe3-11e7-a6c0-002590551f7e.json,3,"Selected the best model via aic from ThermalTime,Alternating and Uniforc.",0.2,quercus gambelii
13,501,Uniforc,2018-01-02,1,quercus_rubra_501_1b989504-efe3-11e7-8f7d-00259055053a.json,258,"Selected the best model via aic from ThermalTime,Alternating and Uniforc.",0.2,quercus rubra
14,501,ThermalTime,2018-01-02,1,pulsatilla_patens_501_2a179db4-efe3-11e7-80e4-0025905521d2.json,23,"Selected the best model via aic from ThermalTime,Alternating and Uniforc.",0.2,pulsatilla patens
15,501,ThermalTime,2018-01-02,1,yucca_schidigera_501_2b9cfb5c-efe3-11e7-8a09-008cfa111320.json,16,"Selected the best model via aic from ThermalTime,Alternating and Uniforc.",0.2,yucca schidigera
16,501,ThermalTime,2018-01-02,1,simmondsia_chinensis_501_2bca14a2-efe3-11e7-bb68-008cfa197da8.json,127,"Selected the best model via aic from ThermalTime,Alternating and Uniforc.",0.2,simmondsia chinensis
17,501,ThermalTime,2018-01-02,1,rhododendron_macrophyllum_501_39f46d84-efe3-11e7-9729-0025905506be.json,62,"Selected the best model via aic from ThermalTime,Alternating and Uniforc.",0.2,rhododendron macrophyllum
18,501,Alternating,2018-01-02,1,trillium_grandiflorum_501_40d210d4-efe3-11e7-acb9-008cfa110c74.json,40,"Selected the best model via aic from ThermalTime,Alternating and Uniforc.",0.2,trillium grandiflorum
19,501,ThermalTime,2018-01-02,1,prunus_americana_501_50a1ddc8-efe3-11e7-9bc7-008cfa110aec.json,29,"Selected the best model via aic from ThermalTime,Alternating and Uniforc.",0.2,prunus americana
20,501,Alternating,2018-01-02,1,thalictrum_thalictroides_501_5a905f1c-efe3-11e7-9fe2-008cfa1113a8.json,8,"Selected the best model via aic from ThermalTime,Alternating and Uniforc.",0.2,thalictrum thalictroides
21,501,Alternating,2018-01-02,1,populus_fremontii_501_5ce84f5e-efe3-11e7-a20d-002590550586.json,78,"Selected the best model via aic from ThermalTime,Alternating and Uniforc.",0.2,populus fremontii
22,501,ThermalTime,2018-01-02,1,quercus_macrocarpa_501_680d89b2-efe3-11e7-a677-002590550520.json,26,"Selected the best model via aic from ThermalTime,Alternating and Uniforc.",0.2,quercus macrocarpa
23,501,Alternating,2018-01-02,1,rosa_rugosa_501_6e45f3b4-efe3-11e7-ac8c-002590521370.json,97,"Selected the best model via aic from ThermalTime,Alternating and Uniforc.",0.2,rosa rugosa
24,501,ThermalTime,2018-01-02,1,prunus_virginiana_501_73243d32-efe3-11e7-a6a3-0025905488fc.json,121,"Selected the best model via aic from ThermalTime,Alternating and Uniforc.",0.2,prunus virginiana
25,501,Alternating,2018-01-02,1,prosopis_glandulosa_501_7dc98526-efe3-11e7-b873-0025905504c6.json,102,"Selected the best model via aic from ThermalTime,Alternating and Uniforc.",0.2,prosopis glandulosa
26,501,Alternating,2018-01-02,1,nyssa_sylvatica_501_9ca44058-efe3-11e7-8f7d-00259055053a.json,14,"Selected the best model via aic from ThermalTime,Alternating and Uniforc.",0.2,nyssa sylvatica
27,501,ThermalTime,2018-01-02,1,quercus_velutina_501_9d7b7b72-efe3-11e7-86d6-0025905504d4.json,257,"Selected the best model via aic from ThermalTime,Alternating and Uniforc.",0.2,quercus velutina
28,501,ThermalTime,2018-01-02,1,taraxacum_officinale_501_9fdcb7fa-efe3-11e7-8adf-008cfa1974cc.json,142,"Selected the best model via aic from ThermalTime,Alternating and Uniforc.",0.2,taraxacum officinale
29,501,ThermalTime,2018-01-02,1,ostrya_virginiana_501_a607bbe8-efe3-11e7-a6c0-002590551f7e.json,16,"Selected the best model via aic from ThermalTime,Alternating and Uniforc.",0.2,ostrya virginiana
30,501,Alternating,2018-01-02,1,magnolia_grandiflora_501_a83ec578-efe3-11e7-9729-0025905506be.json,28,"Selected the best model via aic from ThermalTime,Alternating and Uniforc.",0.2,magnolia grandiflora
31,501,ThermalTime,2018-01-02,1,symphyotrichum_novae-angliae_501_a93c5f30-efe3-11e7-bd19-008cfa197b80.json,47,"Selected the best model via aic from ThermalTime,Alternating and Uniforc.",0.2,symphyotrichum novae-angliae
32,501,Alternating,2018-01-02,1,rosa_californica_501_bb4b0e92-efe3-11e7-b432-00259055079c.json,92,"Selected the best model via aic from ThermalTime,Alternating and Uniforc.",0.2,rosa californica
33,501,Alternating,2018-01-02,1,solidago_sempervirens_501_c4b24e64-efe3-11e7-89c1-008cfa0f50f4.json,24,"Selected the best model via aic from ThermalTime,Alternating and Uniforc.",0.2,solidago sempervirens
34,501,Uniforc,2018-01-02,1,populus_tremuloides_501_d3261ce6-efe3-11e7-9d44-00259055c88c.json,130,"Selected the best model via aic from ThermalTime,Alternating and Uniforc.",0.2,populus tremuloides
35,501,Uniforc,2018-01-02,1,vaccinium_corymbosum_501_e8da9ada-efe3-11e7-9dd7-008cfa11134c.json,157,"Selected the best model via aic from ThermalTime,Alternating and Uniforc.",0.2,vaccinium corymbosum
36,501,ThermalTime,2018-01-02,1,viburnum_lantanoides_501_f56bf55a-efe3-11e7-940c-008cfa111290.json,86,"Selected the best model via aic from ThermalTime,Alternating and Uniforc.",0.2,viburnum lantanoides
37,501,ThermalTime,2018-01-02,1,impatiens_capensis_501_02604ee6-efe4-11e7-8f7d-00259055053a.json,33,"Selected the best model via aic from ThermalTime,Alternating and Uniforc.",0.2,impatiens capensis
38,501,Alternating,2018-01-02,1,malus_spp._501_0e22a882-efe4-11e7-8a09-008cfa111320.json,30,"Selected the best model via aic from ThermalTime,Alternating and Uniforc.",0.2,malus spp.
39,501,Alternating,2018-01-02,1,juglans_nigra_501_1789eade-efe4-11e7-b873-0025905504c6.json,63,"Selected the best model via aic from ThermalTime,Alternating and Uniforc.",0.2,juglans nigra
40,501,Uniforc,2018-01-02,1,hamamelis_virginiana_501_29a3886a-efe4-11e7-9729-0025905506be.json,105,"Selected the best model via aic from ThermalTime,Alternating and Uniforc.",0.2,hamamelis virginiana
41,501,ThermalTime,2018-01-02,1,symphoricarpos_albus_501_46a5d5ee-efe4-11e7-8c9f-008cfa197b48.json,147,"Selected the best model via aic from ThermalTime,Alternating and Uniforc.",0.2,symphoricarpos albus
42,501,ThermalTime,2018-01-02,1,gleditsia_triacanthos_501_4e8ed3f0-efe4-11e7-bd19-008cfa197b80.json,8,"Selected the best model via aic from ThermalTime,Alternating and Uniforc.",0.2,gleditsia triacanthos
43,501,Alternating,2018-01-02,1,yucca_brevifolia_501_55b831bc-efe4-11e7-b64d-008cfa1111a0.json,89,"Selected the best model via aic from ThermalTime,Alternating and Uniforc.",0.2,yucca brevifolia
44,501,ThermalTime,2018-01-02,1,platanus_racemosa_501_59cb5400-efe4-11e7-ad76-008cfa197c04.json,221,"Selected the best model via aic from ThermalTime,Alternating and Uniforc.",0.2,platanus racemosa
45,501,ThermalTime,2018-01-02,1,heracleum_maximum_501_6a5f9ec0-efe4-11e7-a6c0-002590551f7e.json,39,"Selected the best model via aic from ThermalTime,Alternating and Uniforc.",0.2,heracleum maximum
46,501,Alternating,2018-01-02,1,larrea_tridentata_501_6d35c61a-efe4-11e7-a6a3-0025905488fc.json,216,"Selected the best model via aic from ThermalTime,Alternating and Uniforc.",0.2,larrea tridentata
47,501,Uniforc,2018-01-02,1,ledum_groenlandicum_501_7296b074-efe4-11e7-a677-002590550520.json,66,"Selected the best model via aic from ThermalTime,Alternating and Uniforc.",0.2,ledum groenlandicum
48,501,ThermalTime,2018-01-02,1,gaylussacia_baccata_501_87bd548a-efe4-11e7-89c1-008cfa0f50f4.json,16,"Selected the best model via aic from ThermalTime,Alternating and Uniforc.",0.2,gaylussacia baccata
49,501,ThermalTime,2018-01-02,1,oxydendrum_arboreum_501_8cdde07e-efe4-11e7-bf22-002590548934.json,3,"Selected the best model via aic from ThermalTime,Alternating and Uniforc.",0.2,oxydendrum arboreum
50,501,Uniforc,2018-01-02,1,parkinsonia_microphylla_501_9df32040-efe4-11e7-8cb4-002590552120.json,94,"Selected the best model via aic from ThermalTime,Alternating and Uniforc.",0.2,parkinsonia microphylla
51,501,ThermalTime,2018-01-02,1,ericameria_nauseosa_501_bf81a268-efe4-11e7-a6c0-002590551f7e.json,25,"Selected the best model via aic from ThermalTime,Alternating and Uniforc.",0.2,ericameria nauseosa
52,501,ThermalTime,2018-01-02,1,ilex_verticillata_501_c45dec9c-efe4-11e7-86d6-0025905504d4.json,74,"Selected the best model via aic from ThermalTime,Alternating and Uniforc.",0.2,ilex verticillata
53,501,Alternating,2018-01-02,1,trifolium_repens_501_c84d2ebc-efe4-11e7-bdd3-008cfa111164.json,3,"Selected the best model via aic from ThermalTime,Alternating and Uniforc.",0.2,trifolium repens
54,501,Alternating,2018-01-02,1,prunus_maritima_501_c928f276-efe4-11e7-a1a0-0025905520c4.json,56,"Selected the best model via aic from ThermalTime,Alternating and Uniforc.",0.2,prunus maritima
55,501,Alternating,2018-01-02,1,quercus_alba_501_cff1bfd4-efe4-11e7-b5e6-00259055c896.json,135,"Selected the best model via aic from ThermalTime,Alternating and Uniforc.",0.2,quercus alba
56,501,ThermalTime,2018-01-02,1,lathyrus_littoralis_501_e753cfbe-efe4-11e7-ac8c-002590521370.json,43,"Selected the best model via aic from ThermalTime,Alternating and Uniforc.",0.2,lathyrus littoralis
57,501,ThermalTime,2018-01-02,1,eschscholzia_californica_501_e803f34e-efe4-11e7-bd19-008cfa197b80.json,44,"Selected the best model via aic from ThermalTime,Alternating and Uniforc.",0.2,eschscholzia californica
58,501,ThermalTime,2018-01-02,1,echinacea_purpurea_501_e80e0a64-efe4-11e7-a6a3-0025905488fc.json,20,"Selected the best model via aic from ThermalTime,Alternating and Uniforc.",0.2,echinacea purpurea
59,501,ThermalTime,2018-01-02,1,fagus_grandifolia_501_ea7e00f6-efe4-11e7-9729-0025905506be.json,185,"Selected the best model via aic from ThermalTime,Alternating and Uniforc.",0.2,fagus grandifolia
60,501,ThermalTime,2018-01-02,1,diospyros_virginiana_501_fd01958a-efe4-11e7-89c1-008cfa0f50f4.json,6,"Selected the best model via aic from ThermalTime,Alternating and Uniforc.",0.2,diospyros virginiana
61,501,ThermalTime,2018-01-02,1,vaccinium_vitis-idaea_501_037602c0-efe5-11e7-9c8c-008cfa197448.json,54,"Selected the best model via aic from ThermalTime,Alternating and Uniforc.",0.2,vaccinium vitis-idaea
62,501,Alternating,2018-01-02,1,penstemon_newberryi_501_113f8ae8-efe5-11e7-aea1-002590550516.json,141,"Selected the best model via aic from ThermalTime,Alternating and Uniforc.",0.2,penstemon newberryi
63,501,Uniforc,2018-01-02,1,prunus_serotina_501_12e265aa-efe5-11e7-92fe-0025905487ce.json,556,"Selected the best model via aic from ThermalTime,Alternating and Uniforc.",0.2,prunus serotina
64,501,Alternating,2018-01-02,1,trillium_erectum_501_16e60b98-efe5-11e7-bd14-008cfa197b6c.json,43,"Selected the best model via aic from ThermalTime,Alternating and Uniforc.",0.2,trillium erectum
65,501,Alternating,2018-01-02,1,sambucus_racemosa_501_28305b60-efe5-11e7-b9a0-008cfa1974a4.json,35,"Selected the best model via aic from ThermalTime,Alternating and Uniforc.",0.2,sambucus racemosa
66,501,Uniforc,2018-01-02,1,eurybia_divaricata_501_41f93864-efe5-11e7-8c9f-008cfa197b48.json,67,"Selected the best model via aic from ThermalTime,Alternating and Uniforc.",0.2,eurybia divaricata
67,501,ThermalTime,2018-01-02,1,populus_deltoides_501_46112d44-efe5-11e7-9dd8-00259055c876.json,110,"Selected the best model via aic from ThermalTime,Alternating and Uniforc.",0.2,populus deltoides
68,501,ThermalTime,2018-01-02,1,celtis_occidentalis_501_69d4c5f6-efe5-11e7-9c8c-008cfa197448.json,16,"Selected the best model via aic from ThermalTime,Alternating and Uniforc.",0.2,celtis occidentalis
69,501,ThermalTime,2018-01-02,1,ferocactus_wislizeni_501_6dce12fc-efe5-11e7-b873-0025905504c6.json,178,"Selected the best model via aic from ThermalTime,Alternating and Uniforc.",0.2,ferocactus wislizeni
70,501,ThermalTime,2018-01-02,1,chilopsis_linearis_501_ab80953e-efe5-11e7-bd19-008cfa197b80.json,41,"Selected the best model via aic from ThermalTime,Alternating and Uniforc.",0.2,chilopsis linearis
71,501,Alternating,2018-01-02,1,podophyllum_peltatum_501_b4f7ff9e-efe5-11e7-8524-008cfa111230.json,35,"Selected the best model via aic from ThermalTime,Alternating and Uniforc.",0.2,podophyllum peltatum
72,501,Alternating,2018-01-02,1,coleogyne_ramosissima_501_c04c34b4-efe5-11e7-a1a0-0025905520c4.json,51,"Selected the best model via aic from ThermalTime,Alternating and Uniforc.",0.2,coleogyne ramosissima
73,501,ThermalTime,2018-01-02,1,ginkgo_biloba_501_d3c474a2-efe5-11e7-b432-00259055079c.json,23,"Selected the best model via aic from ThermalTime,Alternating and Uniforc.",0.2,ginkgo biloba
74,501,ThermalTime,2018-01-02,1,cornus_florida-appalachianspring_501_d6791720-efe5-11e7-a6c0-002590551f7e.json,29,"Selected the best model via aic from ThermalTime,Alternating and Uniforc.",0.2,cornus florida-appalachianspring
75,501,Alternating,2018-01-02,1,mertensia_virginica_501_df3a5b76-efe5-11e7-80e4-0025905521d2.json,82,"Selected the best model via aic from ThermalTime,Alternating and Uniforc.",0.2,mertensia virginica
76,501,ThermalTime,2018-01-02,1,carnegiea_gigantea_501_ea50a68c-efe5-11e7-b9a0-008cfa1974a4.json,94,"Selected the best model via aic from ThermalTime,Alternating and Uniforc.",0.2,carnegiea gigantea
77,501,Uniforc,2018-01-02,1,cornus_sericea_501_ed1c0398-efe5-11e7-bf22-002590548934.json,89,"Selected the best model via aic from ThermalTime,Alternating and Uniforc.",0.2,cornus sericea
78,501,Alternating,2018-01-02,1,cephalanthus_occidentalis_501_f3426528-efe5-11e7-89c1-008cfa0f50f4.json,24,"Selected the best model via aic from ThermalTime,Alternating and Uniforc.",0.2,cephalanthus occidentalis
79,501,ThermalTime,2018-01-02,1,carya_illinoinensis_501_05f57ffc-efe6-11e7-aea1-002590550516.json,17,"Selected the best model via aic from ThermalTime,Alternating and Uniforc.",0.2,carya illinoinensis
80,501,ThermalTime,2018-01-02,1,liquidambar_styraciflua_501_08397570-efe6-11e7-9fe2-008cfa1113a8.json,188,"Selected the best model via aic from ThermalTime,Alternating and Uniforc.",0.2,liquidambar styraciflua
81,501,Alternating,2018-01-02,1,fraxinus_pennsylvanica_501_0a082310-efe6-11e7-9d44-00259055c88c.json,31,"Selected the best model via aic from ThermalTime,Alternating and Uniforc.",0.2,fraxinus pennsylvanica
82,501,ThermalTime,2018-01-02,1,lonicera_maackii_501_1c7a9762-efe6-11e7-acb9-008cfa110c74.json,13,"Selected the best model via aic from ThermalTime,Alternating and Uniforc.",0.2,lonicera maackii
83,501,Alternating,2018-01-02,1,asclepias_tuberosa_501_390ab22c-efe6-11e7-a6c0-002590551f7e.json,34,"Selected the best model via aic from ThermalTime,Alternating and Uniforc.",0.2,asclepias tuberosa
84,501,Uniforc,2018-01-02,1,chamaedaphne_calyculata_501_39b5953e-efe6-11e7-a6a3-0025905488fc.json,31,"Selected the best model via aic from ThermalTime,Alternating and Uniforc.",0.2,chamaedaphne calyculata
85,501,Alternating,2018-01-02,1,liriodendron_tulipifera_501_40f68f42-efe6-11e7-9bc7-008cfa110aec.json,446,"Selected the best model via aic from ThermalTime,Alternating and Uniforc.",0.2,liriodendron tulipifera
86,501,Uniforc,2018-01-02,1,artemisia_californica_501_43125eaa-efe6-11e7-bf22-002590548934.json,34,"Selected the best model via aic from ThermalTime,Alternating and Uniforc.",0.2,artemisia californica
87,501,Alternating,2018-01-02,1,fragaria_virginiana_501_69b13afe-efe6-11e7-940c-008cfa111290.json,130,"Selected the best model via aic from ThermalTime,Alternating and Uniforc.",0.2,fragaria virginiana
88,501,ThermalTime,2018-01-02,1,betula_nigra_501_878e5d36-efe6-11e7-b873-0025905504c6.json,119,"Selected the best model via aic from ThermalTime,Alternating and Uniforc.",0.2,betula nigra
89,501,ThermalTime,2018-01-02,1,trillium_ovatum_501_acf6509c-efe6-11e7-9dfc-008cfa197b10.json,84,"Selected the best model via aic from ThermalTime,Alternating and Uniforc.",0.2,trillium ovatum
90,501,Uniforc,2018-01-02,1,forsythia_spp._501_c60af254-efe6-11e7-8a09-008cfa111320.json,224,"Selected the best model via aic from ThermalTime,Alternating and Uniforc.",0.2,forsythia spp.
91,501,ThermalTime,2018-01-02,1,baccharis_pilularis_501_cab37b32-efe6-11e7-a1a0-0025905520c4.json,511,"Selected the best model via aic from ThermalTime,Alternating and Uniforc.",0.2,baccharis pilularis
92,501,ThermalTime,2018-01-02,1,artemisia_tridentata_501_cc2ba034-efe6-11e7-b9a0-008cfa1974a4.json,28,"Selected the best model via aic from ThermalTime,Alternating and Uniforc.",0.2,artemisia tridentata
93,501,ThermalTime,2018-01-02,1,carpinus_caroliniana_501_d44bfc00-efe6-11e7-bd14-008cfa197b6c.json,48,"Selected the best model via aic from ThermalTime,Alternating and Uniforc.",0.2,carpinus caroliniana
94,501,Uniforc,2018-01-02,1,ulmus_americana_501_e41848f0-efe6-11e7-b79f-008cfa197990.json,160,"Selected the best model via aic from ThermalTime,Alternating and Uniforc.",0.2,ulmus americana
95,501,Alternating,2018-01-02,1,verbesina_alternifolia_501_eb24ee46-efe6-11e7-a313-008cfa197e10.json,4,"Selected the best model via aic from ThermalTime,Alternating and Uniforc.",0.2,verbesina alternifolia
96,501,Alternating,2018-01-02,1,heteromeles_arbutifolia_501_ecf5e4fa-efe6-11e7-8adf-008cfa1974cc.json,84,"Selected the best model via aic from ThermalTime,Alternating and Uniforc.",0.2,heteromeles arbutifolia
97,501,Uniforc,2018-01-02,1,cornus_canadensis_501_07a393ec-efe7-11e7-bdd3-008cfa111164.json,103,"Selected the best model via aic from ThermalTime,Alternating and Uniforc.",0.2,cornus canadensis
98,501,ThermalTime,2018-01-02,1,betula_papyrifera_501_35766592-efe7-11e7-9c8c-008cfa197448.json,47,"Selected the best model via aic from ThermalTime,Alternating and Uniforc.",0.2,betula papyrifera
99,501,Alternating,2018-01-02,1,alnus_incana_501_3c40b148-efe7-11e7-a6a3-0025905488fc.json,83,"Selected the best model via aic from ThermalTime,Alternating and Uniforc.",0.2,alnus incana
100,501,ThermalTime,2018-01-02,1,betula_alleghaniensis_501_63d13ac0-efe7-11e7-8524-008cfa111230.json,87,"Selected the best model via aic from ThermalTime,Alternating and Uniforc.",0.2,betula alleghaniensis
101,501,Uniforc,2018-01-02,1,aquilegia_canadensis_501_6a241bd6-efe7-11e7-9fe2-008cfa1113a8.json,23,"Selected the best model via aic from ThermalTime,Alternating and Uniforc.",0.2,aquilegia canadensis
102,501,ThermalTime,2018-01-02,1,acacia_greggii_501_77facd04-efe7-11e7-bdd3-008cfa111164.json,57,"Selected the best model via aic from ThermalTime,Alternating and Uniforc.",0.2,acacia greggii
103,501,ThermalTime,2018-01-02,1,amelanchier_canadensis_501_8030dff4-efe7-11e7-acb9-008cfa110c74.json,58,"Selected the best model via aic from ThermalTime,Alternating and Uniforc.",0.2,amelanchier canadensis
104,501,ThermalTime,2018-01-02,1,achillea_millefolium_501_804da40e-efe7-11e7-b873-0025905504c6.json,56,"Selected the best model via aic from ThermalTime,Alternating and Uniforc.",0.2,achillea millefolium
105,501,ThermalTime,2018-01-02,1,cornus_florida_501_896406d2-efe7-11e7-86d6-0025905504d4.json,479,"Selected the best model via aic from ThermalTime,Alternating and Uniforc.",0.2,cornus florida
106,501,ThermalTime,2018-01-02,1,prosopis_velutina_501_8d34b478-efe7-11e7-a833-0025905506e8.json,2590,"Selected the best model via aic from ThermalTime,Alternating and Uniforc.",0.2,prosopis velutina
107,501,Alternating,2018-01-02,1,acer_macrophyllum_501_ae08cb62-efe7-11e7-a313-008cfa197e10.json,41,"Selected the best model via aic from ThermalTime,Alternating and Uniforc.",0.2,acer macrophyllum
108,501,Uniforc,2018-01-02,1,quercus_agrifolia_501_c55d7998-efe7-11e7-a853-00259055220a.json,778,"Selected the best model via aic from ThermalTime,Alternating and Uniforc.",0.2,quercus agrifolia
109,501,Uniforc,2018-01-02,1,aesculus_californica_501_dc697a60-efe7-11e7-bf22-002590548934.json,126,"Selected the best model via aic from ThermalTime,Alternating and Uniforc.",0.2,aesculus californica
110,501,Alternating,2018-01-02,1,amelanchier_alnifolia_501_e58ad09e-efe7-11e7-a6c0-002590551f7e.json,58,"Selected the best model via aic from ThermalTime,Alternating and Uniforc.",0.2,amelanchier alnifolia
111,371,Alternating,2018-01-02,1,toxicodendron_diversilobum_371_ebc8cf24-efe7-11e7-b873-0025905504c6.json,31,"Selected the best model via aic from ThermalTime,Alternating and Uniforc.",0.2,toxicodendron diversilobum
112,501,Alternating,2018-01-02,1,cercis_canadensis_501_0164da30-efe8-11e7-9729-0025905506be.json,249,"Selected the best model via aic from ThermalTime,Alternating and Uniforc.",0.2,cercis canadensis
113,501,Uniforc,2018-01-02,1,clintonia_borealis_501_03b32c88-efe8-11e7-b5e6-00259055c896.json,123,"Selected the best model via aic from ThermalTime,Alternating and Uniforc.",0.2,clintonia borealis
114,501,Alternating,2018-01-02,1,arctostaphylos_uva-ursi_501_1ab67750-efe8-11e7-89c1-008cfa0f50f4.json,41,"Selected the best model via aic from ThermalTime,Alternating and Uniforc.",0.2,arctostaphylos uva-ursi
115,501,ThermalTime,2018-01-02,1,adenostoma_fasciculatum_501_45a47502-efe8-11e7-940c-008cfa111290.json,125,"Selected the best model via aic from ThermalTime,Alternating and Uniforc.",0.2,adenostoma fasciculatum
116,501,Uniforc,2018-01-02,1,atriplex_canescens_501_5841103a-efe8-11e7-b432-00259055079c.json,199,"Selected the best model via aic from ThermalTime,Alternating and Uniforc.",0.2,atriplex canescens
117,371,ThermalTime,2018-01-02,1,sambucus_racemosa_371_922d1ed8-efe8-11e7-a6c0-002590551f7e.json,18,"Selected the best model via aic from ThermalTime,Alternating and Uniforc.",0.2,sambucus racemosa
118,501,Alternating,2018-01-02,1,arctostaphylos_patula_501_9566ea84-efe8-11e7-aea1-002590550516.json,61,"Selected the best model via aic from ThermalTime,Alternating and Uniforc.",0.2,arctostaphylos patula
119,371,ThermalTime,2018-01-02,1,salix_hookeriana_371_966943fa-efe8-11e7-89c1-008cfa0f50f4.json,48,"Selected the best model via aic from ThermalTime,Alternating and Uniforc.",0.2,salix hookeriana
120,501,Uniforc,2018-01-02,1,carya_glabra_501_9d4be9d4-efe8-11e7-92fe-0025905487ce.json,138,"Selected the best model via aic from ThermalTime,Alternating and Uniforc.",0.2,carya glabra
121,371,Alternating,2018-01-02,1,rubus_ursinus_371_9ef3f966-efe8-11e7-940c-008cfa111290.json,16,"Selected the best model via aic from ThermalTime,Alternating and Uniforc.",0.2,rubus ursinus
122,501,ThermalTime,2018-01-02,1,caltha_palustris_501_b490be62-efe8-11e7-9dd8-00259055c876.json,51,"Selected the best model via aic from ThermalTime,Alternating and Uniforc.",0.2,caltha palustris
123,501,Uniforc,2018-01-02,1,quercus_lobata_501_d48c718e-efe8-11e7-a502-00259054c4fa.json,815,"Selected the best model via aic from ThermalTime,Alternating and Uniforc.",0.2,quercus lobata
124,371,ThermalTime,2018-01-02,1,quercus_virginiana_371_edf126f6-efe8-11e7-92fe-0025905487ce.json,42,"Selected the best model via aic from ThermalTime,Alternating and Uniforc.",0.2,quercus virginiana
125,501,Alternating,2018-01-02,1,toxicodendron_diversilobum_501_01ca452c-efe9-11e7-a8c0-008cfa197404.json,30,"Selected the best model via aic from ThermalTime,Alternating and Uniforc.",0.2,toxicodendron diversilobum
126,371,Alternating,2018-01-02,1,sorbus_americana_371_050c090a-efe9-11e7-a313-008cfa197e10.json,24,"Selected the best model via aic from ThermalTime,Alternating and Uniforc.",0.2,sorbus americana
127,501,Uniforc,2018-01-02,1,acer_saccharum_501_0cec312c-efe9-11e7-9dfc-008cfa197b10.json,538,"Selected the best model via aic from ThermalTime,Alternating and Uniforc.",0.2,acer saccharum
128,501,Alternating,2018-01-02,1,sambucus_nigra-cerulea_501_0e3d0222-efe9-11e7-928f-002590552094.json,803,"Selected the best model via aic from ThermalTime,Alternating and Uniforc.",0.2,sambucus nigra-cerulea
129,371,ThermalTime,2018-01-02,1,sambucus_nigra_371_23f42384-efe9-11e7-9729-0025905506be.json,149,"Selected the best model via aic from ThermalTime,Alternating and Uniforc.",0.2,sambucus nigra
130,501,ThermalTime,2018-01-02,1,acer_pensylvanicum_501_3fa9d970-efe9-11e7-bd14-008cfa197b6c.json,44,"Selected the best model via aic from ThermalTime,Alternating and Uniforc.",0.2,acer pensylvanicum
131,371,ThermalTime,2018-01-02,1,simmondsia_chinensis_371_55188630-efe9-11e7-a853-00259055220a.json,51,"Selected the best model via aic from ThermalTime,Alternating and Uniforc.",0.2,simmondsia chinensis
132,371,Alternating,2018-01-02,1,salix_lasiolepis_371_602e26a6-efe9-11e7-b5e6-00259055c896.json,57,"Selected the best model via aic from ThermalTime,Alternating and Uniforc.",0.2,salix lasiolepis
133,501,Alternating,2018-01-02,1,diplacus_aurantiacus_501_61f91bb2-efe9-11e7-a677-002590550520.json,119,"Selected the best model via aic from ThermalTime,Alternating and Uniforc.",0.2,diplacus aurantiacus
134,371,Alternating,2018-01-02,1,quercus_laurifolia_371_79f343f0-efe9-11e7-a313-008cfa197e10.json,28,"Selected the best model via aic from ThermalTime,Alternating and Uniforc.",0.2,quercus laurifolia
135,501,Uniforc,2018-01-02,1,sorbus_americana_501_8d3be55c-efe9-11e7-a2d2-008cfa197460.json,39,"Selected the best model via aic from ThermalTime,Alternating and Uniforc.",0.2,sorbus americana
136,371,ThermalTime,2018-01-02,1,rhododendron_macrophyllum_371_9cdff16a-efe9-11e7-89c1-008cfa0f50f4.json,64,"Selected the best model via aic from ThermalTime,Alternating and Uniforc.",0.2,rhododendron macrophyllum
137,371,Uniforc,2018-01-02,1,vaccinium_corymbosum_371_a1d648b8-efe9-11e7-9fe2-008cfa1113a8.json,91,"Selected the best model via aic from ThermalTime,Alternating and Uniforc.",0.2,vaccinium corymbosum
138,371,ThermalTime,2018-01-02,1,umbellularia_californica_371_a3f59400-efe9-11e7-bdd3-008cfa111164.json,352,"Selected the best model via aic from ThermalTime,Alternating and Uniforc.",0.2,umbellularia californica
139,501,Uniforc,2018-01-02,1,asclepias_syriaca_501_a55b4c36-efe9-11e7-80e4-0025905521d2.json,609,"Selected the best model via aic from ThermalTime,Alternating and Uniforc.",0.2,asclepias syriaca
140,371,Alternating,2018-01-02,1,sambucus_nigra-cerulea_371_a5937098-efe9-11e7-b873-0025905504c6.json,669,"Selected the best model via aic from ThermalTime,Alternating and Uniforc.",0.2,sambucus nigra-cerulea
141,501,Alternating,2018-01-02,1,acer_saccharinum_501_ca46633c-efe9-11e7-8a09-008cfa111320.json,29,"Selected the best model via aic from ThermalTime,Alternating and Uniforc.",0.2,acer saccharinum
142,371,ThermalTime,2018-01-02,1,vaccinium_vitis-idaea_371_cb1e936a-efe9-11e7-8524-008cfa111230.json,9,"Selected the best model via aic from ThermalTime,Alternating and Uniforc.",0.2,vaccinium vitis-idaea
143,371,ThermalTime,2018-01-02,1,prunus_persica_371_cbcbb14e-efe9-11e7-a677-002590550520.json,79,"Selected the best model via aic from ThermalTime,Alternating and Uniforc.",0.2,prunus persica
144,371,Alternating,2018-01-02,1,quercus_macrocarpa_371_d8260c82-efe9-11e7-92fe-0025905487ce.json,95,"Selected the best model via aic from ThermalTime,Alternating and Uniforc.",0.2,quercus macrocarpa
145,371,Alternating,2018-01-02,1,rosa_californica_371_d9c7f4b0-efe9-11e7-a6c0-002590551f7e.json,140,"Selected the best model via aic from ThermalTime,Alternating and Uniforc.",0.2,rosa californica
146,371,Alternating,2018-01-02,1,quercus_gambelii_371_df3ebc26-efe9-11e7-9dfc-008cfa197b10.json,96,"Selected the best model via aic from ThermalTime,Alternating and Uniforc.",0.2,quercus gambelii
147,371,Alternating,2018-01-02,1,populus_fremontii_371_055cbe9e-efea-11e7-9fe2-008cfa1113a8.json,94,"Selected the best model via aic from ThermalTime,Alternating and Uniforc.",0.2,populus fremontii
148,371,ThermalTime,2018-01-02,1,quercus_douglasii_371_076b7612-efea-11e7-928f-002590552094.json,108,"Selected the best model via aic from ThermalTime,Alternating and Uniforc.",0.2,quercus douglasii
149,371,ThermalTime,2018-01-02,1,ostrya_virginiana_371_13b1dcb8-efea-11e7-8a09-008cfa111320.json,14,"Selected the best model via aic from ThermalTime,Alternating and Uniforc.",0.2,ostrya virginiana
150,501,ThermalTime,2018-01-02,1,acer_negundo_501_2124c630-efea-11e7-b79f-008cfa197990.json,114,"Selected the best model via aic from ThermalTime,Alternating and Uniforc.",0.2,acer negundo
151,371,Alternating,2018-01-02,1,malus_spp._371_2dabf75c-efea-11e7-92fe-0025905487ce.json,48,"Selected the best model via aic from ThermalTime,Alternating and Uniforc.",0.2,malus spp.
152,371,Uniforc,2018-01-02,1,quercus_velutina_371_40c144d2-efea-11e7-940c-008cfa111290.json,297,"Selected the best model via aic from ThermalTime,Alternating and Uniforc.",0.2,quercus velutina
153,501,Uniforc,2018-01-02,1,aesculus_flava_501_5565d70e-efea-11e7-9bc7-008cfa110aec.json,106,"Selected the best model via aic from ThermalTime,Alternating and Uniforc.",0.2,aesculus flava
154,371,Alternating,2018-01-02,1,oxydendrum_arboreum_371_5d33cffe-efea-11e7-b873-0025905504c6.json,59,"Selected the best model via aic from ThermalTime,Alternating and Uniforc.",0.2,oxydendrum arboreum
155,371,Uniforc,2018-01-02,1,platanus_racemosa_371_951d5624-efea-11e7-80e4-0025905521d2.json,222,"Selected the best model via aic from ThermalTime,Alternating and Uniforc.",0.2,platanus racemosa
156,371,ThermalTime,2018-01-02,1,prunus_virginiana_371_969b173e-efea-11e7-a853-00259055220a.json,134,"Selected the best model via aic from ThermalTime,Alternating and Uniforc.",0.2,prunus virginiana
157,371,Uniforc,2018-01-02,1,tilia_americana_371_971cb410-efea-11e7-86d6-0025905504d4.json,119,"Selected the best model via aic from ThermalTime,Alternating and Uniforc.",0.2,tilia americana
158,371,ThermalTime,2018-01-02,1,prunus_maritima_371_9c9d3a72-efea-11e7-a313-008cfa197e10.json,53,"Selected the best model via aic from ThermalTime,Alternating and Uniforc.",0.2,prunus maritima
159,371,ThermalTime,2018-01-02,1,rosa_rugosa_371_b319d6f2-efea-11e7-b432-00259055079c.json,71,"Selected the best model via aic from ThermalTime,Alternating and Uniforc.",0.2,rosa rugosa
160,501,ThermalTime,2018-01-02,1,amelanchier_grandiflora-autumnbrilliance_501_b8e54e72-efea-11e7-9d44-00259055c88c.json,141,"Selected the best model via aic from ThermalTime,Alternating and Uniforc.",0.2,amelanchier grandiflora-autumnbrilliance
161,371,Alternating,2018-01-02,1,magnolia_grandiflora_371_bd5c8aec-efea-11e7-a6c0-002590551f7e.json,62,"Selected the best model via aic from ThermalTime,Alternating and Uniforc.",0.2,magnolia grandiflora
162,371,ThermalTime,2018-01-02,1,robinia_pseudoacacia_371_c041c8a8-efea-11e7-aea1-002590550516.json,58,"Selected the best model via aic from ThermalTime,Alternating and Uniforc.",0.2,robinia pseudoacacia
163,371,ThermalTime,2018-01-02,1,morella_pensylvanica_371_d60f538a-efea-11e7-a677-002590550520.json,20,"Selected the best model via aic from ThermalTime,Alternating and Uniforc.",0.2,morella pensylvanica
164,371,ThermalTime,2018-01-02,1,gleditsia_triacanthos_371_e65430ee-efea-11e7-80e4-0025905521d2.json,20,"Selected the best model via aic from ThermalTime,Alternating and Uniforc.",0.2,gleditsia triacanthos
165,371,ThermalTime,2018-01-02,1,gaylussacia_baccata_371_fedec476-efea-11e7-86d6-0025905504d4.json,18,"Selected the best model via aic from ThermalTime,Alternating and Uniforc.",0.2,gaylussacia baccata
166,501,ThermalTime,2018-01-02,1,claytonia_virginica_501_0135c21a-efeb-11e7-ac8c-002590521370.json,50,"Selected the best model via aic from ThermalTime,Alternating and Uniforc.",0.2,claytonia virginica
167,371,Uniforc,2018-01-02,1,quercus_rubra_371_07d41e00-efeb-11e7-9dd8-00259055c876.json,613,"Selected the best model via aic from ThermalTime,Alternating and Uniforc.",0.2,quercus rubra
168,371,Alternating,2018-01-02,1,ledum_groenlandicum_371_0abc2996-efeb-11e7-b79f-008cfa197990.json,40,"Selected the best model via aic from ThermalTime,Alternating and Uniforc.",0.2,ledum groenlandicum
169,371,ThermalTime,2018-01-02,1,prunus_americana_371_10bece3e-efeb-11e7-a2d2-008cfa197460.json,42,"Selected the best model via aic from ThermalTime,Alternating and Uniforc.",0.2,prunus americana
170,371,ThermalTime,2018-01-02,1,nyssa_sylvatica_371_151ddcf4-efeb-11e7-8524-008cfa111230.json,102,"Selected the best model via aic from ThermalTime,Alternating and Uniforc.",0.2,nyssa sylvatica
171,371,Uniforc,2018-01-02,1,populus_deltoides_371_1720f40a-efeb-11e7-bdd3-008cfa111164.json,177,"Selected the best model via aic from ThermalTime,Alternating and Uniforc.",0.2,populus deltoides
172,501,Uniforc,2018-01-02,1,maianthemum_canadense_501_1eb49b36-efeb-11e7-bb68-008cfa197da8.json,452,"Selected the best model via aic from ThermalTime,Alternating and Uniforc.",0.2,maianthemum canadense
173,371,ThermalTime,2018-01-02,1,larrea_tridentata_371_23bb6948-efeb-11e7-92fe-0025905487ce.json,349,"Selected the best model via aic from ThermalTime,Alternating and Uniforc.",0.2,larrea tridentata
174,371,ThermalTime,2018-01-02,1,quercus_palustris_371_351b8e48-efeb-11e7-a502-00259054c4fa.json,78,"Selected the best model via aic from ThermalTime,Alternating and Uniforc.",0.2,quercus palustris
175,371,ThermalTime,2018-01-02,1,fraxinus_pennsylvanica_371_65ac315c-efeb-11e7-a313-008cfa197e10.json,82,"Selected the best model via aic from ThermalTime,Alternating and Uniforc.",0.2,fraxinus pennsylvanica
176,501,ThermalTime,2018-01-02,1,eriogonum_fasciculatum_501_729152c6-efeb-11e7-ad76-008cfa197c04.json,372,"Selected the best model via aic from ThermalTime,Alternating and Uniforc.",0.2,eriogonum fasciculatum
177,371,ThermalTime,2018-01-02,1,chamaedaphne_calyculata_371_a65bc2bc-efeb-11e7-9dd8-00259055c876.json,27,"Selected the best model via aic from ThermalTime,Alternating and Uniforc.",0.2,chamaedaphne calyculata
178,371,ThermalTime,2018-01-02,1,quercus_alba_371_dd6d603a-efeb-11e7-9729-0025905506be.json,339,"Selected the best model via aic from ThermalTime,Alternating and Uniforc.",0.2,quercus alba
179,371,ThermalTime,2018-01-02,1,cornus_florida-appalachianspring_371_e77692e0-efeb-11e7-86d6-0025905504d4.json,145,"Selected the best model via aic from ThermalTime,Alternating and Uniforc.",0.2,cornus florida-appalachianspring
180,501,Alternating,2018-01-02,1,fraxinus_americana_501_eb556b20-efeb-11e7-9dd7-008cfa11134c.json,140,"Selected the best model via aic from ThermalTime,Alternating and Uniforc.",0.2,fraxinus americana
181,371,ThermalTime,2018-01-02,1,cercis_canadensis_371_f0a90dca-efeb-11e7-b79f-008cfa197990.json,259,"Selected the best model via aic from ThermalTime,Alternating and Uniforc.",0.2,cercis canadensis
182,371,ThermalTime,2018-01-02,1,ulmus_americana_371_f2492e3a-efeb-11e7-acb9-008cfa110c74.json,271,"Selected the best model via aic from ThermalTime,Alternating and Uniforc.",0.2,ulmus americana
183,371,Uniforc,2018-01-02,1,betula_nigra_371_ffa56fa8-efeb-11e7-a313-008cfa197e10.json,65,"Selected the best model via aic from ThermalTime,Alternating and Uniforc.",0.2,betula nigra
184,371,ThermalTime,2018-01-02,1,cornus_racemosa_371_1b3d0942-efec-11e7-80e4-0025905521d2.json,64,"Selected the best model via aic from ThermalTime,Alternating and Uniforc.",0.2,cornus racemosa
185,371,Alternating,2018-01-02,1,baccharis_pilularis_371_2dcf3184-efec-11e7-9729-0025905506be.json,14,"Selected the best model via aic from ThermalTime,Alternating and Uniforc.",0.2,baccharis pilularis
186,501,Alternating,2018-01-02,1,acer_circinatum_501_418e1f0a-efec-11e7-8adf-008cfa1974cc.json,59,"Selected the best model via aic from ThermalTime,Alternating and Uniforc.",0.2,acer circinatum
187,371,ThermalTime,2018-01-02,1,ginkgo_biloba_371_4724739c-efec-11e7-a853-00259055220a.json,71,"Selected the best model via aic from ThermalTime,Alternating and Uniforc.",0.2,ginkgo biloba
188,371,Alternating,2018-01-02,1,betula_papyrifera_371_50888d74-efec-11e7-a502-00259054c4fa.json,130,"Selected the best model via aic from ThermalTime,Alternating and Uniforc.",0.2,betula papyrifera
189,371,Uniforc,2018-01-02,1,quercus_agrifolia_371_53e5714e-efec-11e7-bd14-008cfa197b6c.json,861,"Selected the best model via aic from ThermalTime,Alternating and Uniforc.",0.2,quercus agrifolia
190,371,ThermalTime,2018-01-02,1,juglans_nigra_371_665b5712-efec-11e7-940c-008cfa111290.json,126,"Selected the best model via aic from ThermalTime,Alternating and Uniforc.",0.2,juglans nigra
191,371,ThermalTime,2018-01-02,1,carpinus_caroliniana_371_6ca5ad34-efec-11e7-92fe-0025905487ce.json,156,"Selected the best model via aic from ThermalTime,Alternating and Uniforc.",0.2,carpinus caroliniana
192,371,Uniforc,2018-01-02,1,populus_tremuloides_371_82a0fd96-efec-11e7-89c1-008cfa0f50f4.json,313,"Selected the best model via aic from ThermalTime,Alternating and Uniforc.",0.2,populus tremuloides
193,371,ThermalTime,2018-01-02,1,cornus_florida_371_876c57e4-efec-11e7-ac8c-002590521370.json,546,"Selected the best model via aic from ThermalTime,Alternating and Uniforc.",0.2,cornus florida
194,371,ThermalTime,2018-01-02,1,diospyros_virginiana_371_8f8b98a4-efec-11e7-aea1-002590550516.json,52,"Selected the best model via aic from ThermalTime,Alternating and Uniforc.",0.2,diospyros virginiana
195,371,ThermalTime,2018-01-02,1,lonicera_maackii_371_a3e5cad6-efec-11e7-9dfc-008cfa197b10.json,167,"Selected the best model via aic from ThermalTime,Alternating and Uniforc.",0.2,lonicera maackii
196,371,ThermalTime,2018-01-02,1,aesculus_californica_371_be1492d4-efec-11e7-a853-00259055220a.json,153,"Selected the best model via aic from ThermalTime,Alternating and Uniforc.",0.2,aesculus californica
197,501,Alternating,2018-01-02,1,fouquieria_splendens_501_dac392b8-efec-11e7-8f7d-00259055053a.json,808,"Selected the best model via aic from ThermalTime,Alternating and Uniforc.",0.2,fouquieria splendens
198,371,Alternating,2018-01-02,1,alnus_incana_371_e6bc23fa-efec-11e7-9729-0025905506be.json,80,"Selected the best model via aic from ThermalTime,Alternating and Uniforc.",0.2,alnus incana
199,371,ThermalTime,2018-01-02,1,alnus_rubra_371_ecb774e4-efec-11e7-80e4-0025905521d2.json,27,"Selected the best model via aic from ThermalTime,Alternating and Uniforc.",0.2,alnus rubra
200,371,ThermalTime,2018-01-02,1,acer_macrophyllum_371_f49353b8-efec-11e7-aea1-002590550516.json,52,"Selected the best model via aic from ThermalTime,Alternating and Uniforc.",0.2,acer macrophyllum
201,371,Alternating,2018-01-02,1,acer_negundo_371_29814224-efed-11e7-ac8c-002590521370.json,230,"Selected the best model via aic from ThermalTime,Alternating and Uniforc.",0.2,acer negundo
202,501,Uniforc,2018-01-02,1,sassafras_albidum_501_2dfe7d30-efed-11e7-8699-008cfa1112e4.json,251,"Selected the best model via aic from ThermalTime,Alternating and Uniforc.",0.2,sassafras albidum
203,371,Uniforc,2018-01-02,1,betula_lenta_371_3d3fad00-efed-11e7-ad76-008cfa197c04.json,207,"Selected the best model via aic from ThermalTime,Alternating and Uniforc.",0.2,betula lenta
204,371,Uniforc,2018-01-02,1,acer_pensylvanicum_371_3e489554-efed-11e7-89c1-008cfa0f50f4.json,64,"Selected the best model via aic from ThermalTime,Alternating and Uniforc.",0.2,acer pensylvanicum
205,371,ThermalTime,2018-01-02,1,amelanchier_grandiflora-autumnbrilliance_371_411c7f48-efed-11e7-b79f-008cfa197990.json,206,"Selected the best model via aic from ThermalTime,Alternating and Uniforc.",0.2,amelanchier grandiflora-autumnbrilliance
206,371,Alternating,2018-01-02,1,acer_circinatum_371_4ef48e44-efed-11e7-9dfc-008cfa197b10.json,90,"Selected the best model via aic from ThermalTime,Alternating and Uniforc.",0.2,acer circinatum
207,371,ThermalTime,2018-01-02,1,arctostaphylos_patula_371_4f43a88a-efed-11e7-9dd7-008cfa11134c.json,93,"Selected the best model via aic from ThermalTime,Alternating and Uniforc.",0.2,arctostaphylos patula
208,371,Alternating,2018-01-02,1,forsythia_spp._371_583ac0a4-efed-11e7-9d44-00259055c88c.json,223,"Selected the best model via aic from ThermalTime,Alternating and Uniforc.",0.2,forsythia spp.
209,371,ThermalTime,2018-01-02,1,acer_saccharinum_371_d52c625c-efed-11e7-bd14-008cfa197b6c.json,49,"Selected the best model via aic from ThermalTime,Alternating and Uniforc.",0.2,acer saccharinum
210,501,ThermalTime,2018-01-02,1,cardamine_concatenata_501_d8b85ae8-efed-11e7-8c9f-008cfa197b48.json,5,"Selected the best model via aic from ThermalTime,Alternating and Uniforc.",0.2,cardamine concatenata
211,371,Alternating,2018-01-02,1,amelanchier_canadensis_371_2f8269e0-efee-11e7-acb9-008cfa110c74.json,68,"Selected the best model via aic from ThermalTime,Alternating and Uniforc.",0.2,amelanchier canadensis
212,371,ThermalTime,2018-01-02,1,cornus_sericea_371_8ffb60ba-efee-11e7-a677-002590550520.json,189,"Selected the best model via aic from ThermalTime,Alternating and Uniforc.",0.2,cornus sericea
213,371,ThermalTime,2018-01-02,1,liquidambar_styraciflua_371_bb2a974c-efee-11e7-928f-002590552094.json,513,"Selected the best model via aic from ThermalTime,Alternating and Uniforc.",0.2,liquidambar styraciflua
214,371,Alternating,2018-01-02,1,arctostaphylos_uva-ursi_371_bf8dd11e-efee-11e7-86d6-0025905504d4.json,190,"Selected the best model via aic from ThermalTime,Alternating and Uniforc.",0.2,arctostaphylos uva-ursi
215,371,ThermalTime,2018-01-02,1,cephalanthus_occidentalis_371_c48e7722-efee-11e7-a2d2-008cfa197460.json,33,"Selected the best model via aic from ThermalTime,Alternating and Uniforc.",0.2,cephalanthus occidentalis
216,371,Uniforc,2018-01-02,1,aesculus_flava_371_d7807204-efee-11e7-8adf-008cfa1974cc.json,151,"Selected the best model via aic from ThermalTime,Alternating and Uniforc.",0.2,aesculus flava
217,371,ThermalTime,2018-01-02,1,liriodendron_tulipifera_371_dfdb9ff0-efee-11e7-9fe2-008cfa1113a8.json,705,"Selected the best model via aic from ThermalTime,Alternating and Uniforc.",0.2,liriodendron tulipifera
218,501,ThermalTime,2018-01-02,1,viburnum_dentatum_501_ead586e6-efee-11e7-a4d3-008cfa580778.json,29,"Selected the best model via aic from ThermalTime,Alternating and Uniforc.",0.2,viburnum dentatum
219,371,ThermalTime,2018-01-02,1,celtis_occidentalis_371_2d7276c6-efef-11e7-8524-008cfa111230.json,98,"Selected the best model via aic from ThermalTime,Alternating and Uniforc.",0.2,celtis occidentalis
220,371,Uniforc,2018-01-02,1,quercus_lobata_371_1b1abdac-eff0-11e7-a8c0-008cfa197404.json,870,"Selected the best model via aic from ThermalTime,Alternating and Uniforc.",0.2,quercus lobata
221,371,Uniforc,2018-01-02,1,acer_saccharum_371_7b37fa9c-eff0-11e7-a502-00259054c4fa.json,988,"Selected the best model via aic from ThermalTime,Alternating and Uniforc.",0.2,acer saccharum
222,371,ThermalTime,2018-01-02,1,symphoricarpos_albus_371_b863117c-eff0-11e7-a833-0025905506e8.json,997,"Selected the best model via aic from ThermalTime,Alternating and Uniforc.",0.2,symphoricarpos albus
223,371,Alternating,2018-01-02,1,fraxinus_americana_371_fc0d79f8-eff0-11e7-b432-00259055079c.json,237,"Selected the best model via aic from ThermalTime,Alternating and Uniforc.",0.2,fraxinus americana
224,371,Alternating,2018-01-02,1,viburnum_lantanoides_371_3c666190-eff1-11e7-9c8c-008cfa197448.json,52,"Selected the best model via aic from ThermalTime,Alternating and Uniforc.",0.2,viburnum lantanoides
225,371,ThermalTime,2018-01-02,1,betula_alleghaniensis_371_978753f4-eff1-11e7-9dd8-00259055c876.json,241,"Selected the best model via aic from ThermalTime,Alternating and Uniforc.",0.2,betula alleghaniensis
226,501,ThermalTime,2018-01-02,1,betula_lenta_501_d9c9fa5a-eff1-11e7-bd19-008cfa197b80.json,333,"Selected the best model via aic from ThermalTime,Alternating and Uniforc.",0.2,betula lenta
227,371,Uniforc,2018-01-02,1,carya_glabra_371_1bbebef0-eff2-11e7-bb68-008cfa197da8.json,535,"Selected the best model via aic from ThermalTime,Alternating and Uniforc.",0.2,carya glabra
228,501,Uniforc,2018-01-02,1,acer_platanoides_501_786980c0-eff4-11e7-b9a0-008cfa1974a4.json,273,"Selected the best model via aic from ThermalTime,Alternating and Uniforc.",0.2,acer platanoides
229,371,Uniforc,2018-01-02,1,prunus_serotina_371_7fd75c42-eff4-11e7-b5e6-00259055c896.json,474,"Selected the best model via aic from ThermalTime,Alternating and Uniforc.",0.2,prunus serotina
230,371,ThermalTime,2018-01-02,1,amelanchier_alnifolia_371_18018c22-eff5-11e7-a313-008cfa197e10.json,33,"Selected the best model via aic from ThermalTime,Alternating and Uniforc.",0.2,amelanchier alnifolia
231,371,ThermalTime,2018-01-02,1,acer_platanoides_371_dbe823ee-eff5-11e7-92fe-0025905487ce.json,259,"Selected the best model via aic from ThermalTime,Alternating and Uniforc.",0.2,acer platanoides
232,501,Uniforc,2018-01-02,1,acer_rubrum_501_c194d3be-eff7-11e7-a1a0-0025905520c4.json,1534,"Selected the best model via aic from ThermalTime,Alternating and Uniforc.",0.2,acer rubrum
233,371,Uniforc,2018-01-02,1,viburnum_dentatum_371_94ccf7c0-eff8-11e7-a6a3-0025905488fc.json,828,"Selected the best model via aic from ThermalTime,Alternating and Uniforc.",0.2,viburnum dentatum
234,371,Uniforc,2018-01-02,1,sassafras_albidum_371_c9d4c358-eff8-11e7-bf22-002590548934.json,576,"Selected the best model via aic from ThermalTime,Alternating and Uniforc.",0.2,sassafras albidum
235,371,Alternating,2018-01-02,1,fagus_grandifolia_371_1ca3c9e4-eff9-11e7-a6c0-002590551f7e.json,866,"Selected the best model via aic from ThermalTime,Alternating and Uniforc.",0.2,fagus grandifolia
236,371,ThermalTime,2018-01-02,1,lindera_benzoin_371_9fa4df90-eff9-11e7-8a09-008cfa111320.json,425,"Selected the best model via aic from ThermalTime,Alternating and Uniforc.",0.2,lindera benzoin
237,371,Uniforc,2018-01-02,1,acer_rubrum_371_bbbd9b1c-effa-11e7-940c-008cfa111290.json,2107,"Selected the best model via aic from ThermalTime,Alternating and Uniforc.",0.2,acer rubrum
238,371,Alternating,2018-01-02,1,hamamelis_virginiana_371_8bf9fc3a-effb-11e7-b873-0025905504c6.json,714,"Selected the best model via aic from ThermalTime,Alternating and Uniforc.",0.2,hamamelis virginiana
239,371,ThermalTime,2018-01-02,1,ilex_verticillata_371_bff61bae-effb-11e7-9bc7-008cfa110aec.json,412,"Selected the best model via aic from ThermalTime,Alternating and Uniforc.",0.2,ilex verticillata
240,501,Uniforc,2018-01-02,1,sambucus_nigra_501_0e74fb24-effc-11e7-944f-002590552128.json,449,"Selected the best model via aic from ThermalTime,Alternating and Uniforc.",0.2,sambucus nigra
241,371,ThermalTime,2018-01-02,1,carya_illinoinensis_371_1d436638-efff-11e7-bdd3-008cfa111164.json,70,"Selected the best model via aic from ThermalTime,Alternating and Uniforc.",0.2,carya illinoinensis
242,501,ThermalTime,2018-01-02,1,erythronium_americanum_501_74a7c62a-f005-11e7-b64d-008cfa1111a0.json,208,"Selected the best model via aic from ThermalTime,Alternating and Uniforc.",0.2,erythronium americanum
243,501,Alternating,2018-01-02,1,lindera_benzoin_501_5264970e-f04c-11e7-a20d-002590550586.json,323,"Selected the best model via aic from ThermalTime,Alternating and Uniforc.",0.2,lindera benzoin
371,ThermalTime,2018-03-16,2,amelanchier_alnifolia_371_673e641c-2971-11e8-8a64-008cfac94154.json,33,"Selected the best model via aic from ThermalTime,Alternating and Uniforc.",0.2,amelanchier alnifolia
371,ThermalTime,2018-03-16,2,carya_illinoinensis_371_777eb1d8-2971-11e8-abbd-008cfac94154.json,70,"Selected the best model via aic from ThermalTime,Alternating and Uniforc.",0.2,carya illinoinensis
501,ThermalTime,2018-03-16,2,acer_platanoides_501_e21d1aac-2971-11e8-b627-008cfac94154.json,273,"Selected the best model via aic from ThermalTime,Alternating and Uniforc.",0.2,acer platanoides
371,ThermalTime,2018-03-16,2,acer_platanoides_371_e969e704-2971-11e8-9fc2-008cfac94154.json,259,"Selected the best model via aic from ThermalTime,Alternating and Uniforc.",0.2,acer platanoides
501,Alternating,2018-03-16,2,erythronium_americanum_501_1b6a8042-2972-11e8-8f88-008cfac94154.json,208,"Selected the best model via aic from ThermalTime,Alternating and Uniforc.",0.2,erythronium americanum
501,ThermalTime,2018-03-16,2,sambucus_nigra_501_23c42694-2972-11e8-8ec2-008cfac94154.json,449,"Selected the best model via aic from ThermalTime,Alternating and Uniforc.",0.2,sambucus nigra
501,ThermalTime,2018-03-16,2,betula_lenta_501_36add552-2972-11e8-9cf7-008cfac94154.json,333,"Selected the best model via aic from ThermalTime,Alternating and Uniforc.",0.2,betula lenta
501,Uniforc,2018-03-16,2,lindera_benzoin_501_40e486ec-2972-11e8-963f-008cfac94154.json,323,"Selected the best model via aic from ThermalTime,Alternating and Uniforc.",0.2,lindera benzoin
371,Uniforc,2018-03-16,2,lindera_benzoin_371_78cd3496-2972-11e8-a0f7-008cfac94154.json,425,"Selected the best model via aic from ThermalTime,Alternating and Uniforc.",0.2,lindera benzoin
371,Uniforc,2018-03-16,2,carya_glabra_371_7ca75f06-2972-11e8-b4c8-008cfac94154.json,535,"Selected the best model via aic from ThermalTime,Alternating and Uniforc.",0.2,carya glabra
371,Uniforc,2018-03-16,2,prunus_serotina_371_a666313c-2972-11e8-833d-008cfac94154.json,474,"Selected the best model via aic from ThermalTime,Alternating and Uniforc.",0.2,prunus serotina
371,Alternating,2018-03-16,2,hamamelis_virginiana_371_f2f09a06-2972-11e8-b44a-008cfac94154.json,714,"Selected the best model via aic from ThermalTime,Alternating and Uniforc.",0.2,hamamelis virginiana
371,ThermalTime,2018-03-16,2,sassafras_albidum_371_0a1fce9a-2973-11e8-9b7a-008cfac94154.json,576,"Selected the best model via aic from ThermalTime,Alternating and Uniforc.",0.2,sassafras albidum
371,Uniforc,2018-03-16,2,ilex_verticillata_371_4def7e9a-2973-11e8-bd31-008cfac94154.json,412,"Selected the best model via aic from ThermalTime,Alternating and Uniforc.",0.2,ilex verticillata
371,Alternating,2018-03-16,2,fagus_grandifolia_371_70a2746a-2973-11e8-b2c8-008cfac94154.json,866,"Selected the best model via aic from ThermalTime,Alternating and Uniforc.",0.2,fagus grandifolia
371,Uniforc,2018-03-16,2,viburnum_lantanoides_371_8208f7d8-2973-11e8-abbd-008cfac94154.json,52,"Selected the best model via aic from ThermalTime,Alternating and Uniforc.",0.2,viburnum lantanoides
371,Uniforc,2018-03-16,2,betula_alleghaniensis_371_e5a709ba-2973-11e8-8a64-008cfac94154.json,241,"Selected the best model via aic from ThermalTime,Alternating and Uniforc.",0.2,betula alleghaniensis
501,ThermalTime,2018-03-16,2,viburnum_dentatum_501_3e22d240-2974-11e8-963f-008cfac94154.json,29,"Selected the best model via aic from ThermalTime,Alternating and Uniforc.",0.2,viburnum dentatum
371,Alternating,2018-03-16,2,fraxinus_americana_371_4f18b510-2974-11e8-b627-008cfac94154.json,237,"Selected the best model via aic from ThermalTime,Alternating and Uniforc.",0.2,fraxinus americana
371,ThermalTime,2018-03-16,2,celtis_occidentalis_371_660bc53c-2974-11e8-9cf7-008cfac94154.json,98,"Selected the best model via aic from ThermalTime,Alternating and Uniforc.",0.2,celtis occidentalis
501,ThermalTime,2018-03-16,2,acer_rubrum_501_75421312-2974-11e8-aa25-008cfac94154.json,1534,"Selected the best model via aic from ThermalTime,Alternating and Uniforc.",0.2,acer rubrum
371,Uniforc,2018-03-16,2,viburnum_dentatum_371_7d80faac-2974-11e8-a784-008cfac94154.json,828,"Selected the best model via aic from ThermalTime,Alternating and Uniforc.",0.2,viburnum dentatum
371,ThermalTime,2018-03-16,2,cephalanthus_occidentalis_371_a56a1a08-2974-11e8-833d-008cfac94154.json,33,"Selected the best model via aic from ThermalTime,Alternating and Uniforc.",0.2,cephalanthus occidentalis
371,ThermalTime,2018-03-16,2,aesculus_flava_371_ab9090ec-2974-11e8-b4c8-008cfac94154.json,151,"Selected the best model via aic from ThermalTime,Alternating and Uniforc.",0.2,aesculus flava
371,Uniforc,2018-03-16,2,acer_rubrum_371_d7e4b240-2974-11e8-baca-008cfac94154.json,2107,"Selected the best model via aic from ThermalTime,Alternating and Uniforc.",0.2,acer rubrum
371,Alternating,2018-03-16,2,arctostaphylos_uva-ursi_371_503ad56c-2975-11e8-b44a-008cfac94154.json,190,"Selected the best model via aic from ThermalTime,Alternating and Uniforc.",0.2,arctostaphylos uva-ursi
501,ThermalTime,2018-03-16,2,cardamine_concatenata_501_6cfda012-2975-11e8-abbd-008cfac94154.json,5,"Selected the best model via aic from ThermalTime,Alternating and Uniforc.",0.2,cardamine concatenata
371,Alternating,2018-03-16,2,amelanchier_canadensis_371_74fefbe4-2975-11e8-b2c8-008cfac94154.json,68,"Selected the best model via aic from ThermalTime,Alternating and Uniforc.",0.2,amelanchier canadensis
371,Uniforc,2018-03-16,2,liriodendron_tulipifera_371_9bb74cf0-2975-11e8-a0f7-008cfac94154.json,705,"Selected the best model via aic from ThermalTime,Alternating and Uniforc.",0.2,liriodendron tulipifera
371,Uniforc,2018-03-16,2,cornus_sericea_371_a748a226-2975-11e8-bd31-008cfac94154.json,189,"Selected the best model via aic from ThermalTime,Alternating and Uniforc.",0.2,cornus sericea
371,Uniforc,2018-03-16,2,acer_saccharum_371_ca437f1c-2975-11e8-8f88-008cfac94154.json,988,"Selected the best model via aic from ThermalTime,Alternating and Uniforc.",0.2,acer saccharum
371,Uniforc,2018-03-16,2,quercus_lobata_371_d27e6cfa-2975-11e8-8ec2-008cfac94154.json,870,"Selected the best model via aic from ThermalTime,Alternating and Uniforc.",0.2,quercus lobata
371,ThermalTime,2018-03-16,2,acer_saccharinum_371_dcaaa536-2975-11e8-8a64-008cfac94154.json,49,"Selected the best model via aic from ThermalTime,Alternating and Uniforc.",0.2,acer saccharinum
371,ThermalTime,2018-03-16,2,liquidambar_styraciflua_371_f0fbeafe-2975-11e8-9b7a-008cfac94154.json,513,"Selected the best model via aic from ThermalTime,Alternating and Uniforc.",0.2,liquidambar styraciflua
371,ThermalTime,2018-03-16,2,symphoricarpos_albus_371_04f8575e-2976-11e8-9fc2-008cfac94154.json,997,"Selected the best model via aic from ThermalTime,Alternating and Uniforc.",0.2,symphoricarpos albus
371,Alternating,2018-03-16,2,acer_circinatum_371_63dc53ec-2976-11e8-9cf7-008cfac94154.json,90,"Selected the best model via aic from ThermalTime,Alternating and Uniforc.",0.2,acer circinatum
371,ThermalTime,2018-03-16,2,arctostaphylos_patula_371_6954863c-2976-11e8-b627-008cfac94154.json,93,"Selected the best model via aic from ThermalTime,Alternating and Uniforc.",0.2,arctostaphylos patula
371,Uniforc,2018-03-16,2,acer_pensylvanicum_371_73f19b16-2976-11e8-a784-008cfac94154.json,64,"Selected the best model via aic from ThermalTime,Alternating and Uniforc.",0.2,acer pensylvanicum
371,Alternating,2018-03-16,2,forsythia_spp._371_96ff58b4-2976-11e8-963f-008cfac94154.json,223,"Selected the best model via aic from ThermalTime,Alternating and Uniforc.",0.2,forsythia spp.
371,ThermalTime,2018-03-16,2,amelanchier_grandiflora-autumnbrilliance_371_98d9ffcc-2976-11e8-aa25-008cfac94154.json,206,"Selected the best model via aic from ThermalTime,Alternating and Uniforc.",0.2,amelanchier grandiflora-autumnbrilliance
371,Uniforc,2018-03-16,2,betula_lenta_371_edc2d9d2-2976-11e8-833d-008cfac94154.json,207,"Selected the best model via aic from ThermalTime,Alternating and Uniforc.",0.2,betula lenta
371,Alternating,2018-03-16,2,acer_negundo_371_ef3edaf4-2976-11e8-baca-008cfac94154.json,230,"Selected the best model via aic from ThermalTime,Alternating and Uniforc.",0.2,acer negundo
371,Uniforc,2018-03-16,2,acer_macrophyllum_371_38d2a326-2977-11e8-b44a-008cfac94154.json,52,"Selected the best model via aic from ThermalTime,Alternating and Uniforc.",0.2,acer macrophyllum
371,ThermalTime,2018-03-16,2,alnus_rubra_371_4f619a16-2977-11e8-abbd-008cfac94154.json,27,"Selected the best model via aic from ThermalTime,Alternating and Uniforc.",0.2,alnus rubra
501,Uniforc,2018-03-16,2,sassafras_albidum_501_6b496204-2977-11e8-b4c8-008cfac94154.json,251,"Selected the best model via aic from ThermalTime,Alternating and Uniforc.",0.2,sassafras albidum
371,Alternating,2018-03-16,2,alnus_incana_371_6d4661d8-2977-11e8-b2c8-008cfac94154.json,80,"Selected the best model via aic from ThermalTime,Alternating and Uniforc.",0.2,alnus incana
371,ThermalTime,2018-03-16,2,aesculus_californica_371_a7776dd4-2977-11e8-bd31-008cfac94154.json,153,"Selected the best model via aic from ThermalTime,Alternating and Uniforc.",0.2,aesculus californica
371,ThermalTime,2018-03-16,2,diospyros_virginiana_371_d16a13c6-2977-11e8-8ec2-008cfac94154.json,52,"Selected the best model via aic from ThermalTime,Alternating and Uniforc.",0.2,diospyros virginiana
371,ThermalTime,2018-03-16,2,lonicera_maackii_371_1c728cf4-2978-11e8-8f88-008cfac94154.json,167,"Selected the best model via aic from ThermalTime,Alternating and Uniforc.",0.2,lonicera maackii
371,Alternating,2018-03-16,2,carpinus_caroliniana_371_23398268-2978-11e8-9fc2-008cfac94154.json,156,"Selected the best model via aic from ThermalTime,Alternating and Uniforc.",0.2,carpinus caroliniana
371,Uniforc,2018-03-16,2,populus_tremuloides_371_62aabe80-2978-11e8-9b7a-008cfac94154.json,313,"Selected the best model via aic from ThermalTime,Alternating and Uniforc.",0.2,populus tremuloides
371,ThermalTime,2018-03-16,2,juglans_nigra_371_8371d57c-2978-11e8-9cf7-008cfac94154.json,126,"Selected the best model via aic from ThermalTime,Alternating and Uniforc.",0.2,juglans nigra
371,Alternating,2018-03-16,2,betula_papyrifera_371_8dac7358-2978-11e8-a784-008cfac94154.json,130,"Selected the best model via aic from ThermalTime,Alternating and Uniforc.",0.2,betula papyrifera
371,ThermalTime,2018-03-16,2,cornus_florida_371_9be890dc-2978-11e8-8a64-008cfac94154.json,546,"Selected the best model via aic from ThermalTime,Alternating and Uniforc.",0.2,cornus florida
501,Alternating,2018-03-16,2,acer_circinatum_501_a36e39ce-2978-11e8-aa25-008cfac94154.json,59,"Selected the best model via aic from ThermalTime,Alternating and Uniforc.",0.2,acer circinatum
371,Uniforc,2018-03-16,2,ginkgo_biloba_371_a4c9f77c-2978-11e8-963f-008cfac94154.json,71,"Selected the best model via aic from ThermalTime,Alternating and Uniforc.",0.2,ginkgo biloba
371,ThermalTime,2018-03-16,2,baccharis_pilularis_371_da599230-2978-11e8-833d-008cfac94154.json,14,"Selected the best model via aic from ThermalTime,Alternating and Uniforc.",0.2,baccharis pilularis
371,ThermalTime,2018-03-16,2,cornus_racemosa_371_fddade94-2978-11e8-baca-008cfac94154.json,64,"Selected the best model via aic from ThermalTime,Alternating and Uniforc.",0.2,cornus racemosa
501,Alternating,2018-03-16,2,fouquieria_splendens_501_21b8dde8-2979-11e8-a0f7-008cfac94154.json,808,"Selected the best model via aic from ThermalTime,Alternating and Uniforc.",0.2,fouquieria splendens
371,Uniforc,2018-03-16,2,betula_nigra_371_22dcbd84-2979-11e8-b44a-008cfac94154.json,65,"Selected the best model via aic from ThermalTime,Alternating and Uniforc.",0.2,betula nigra
371,ThermalTime,2018-03-16,2,cercis_canadensis_371_9e0385f6-2979-11e8-b4c8-008cfac94154.json,259,"Selected the best model via aic from ThermalTime,Alternating and Uniforc.",0.2,cercis canadensis
501,Alternating,2018-03-16,2,fraxinus_americana_501_b706aa6a-2979-11e8-b2c8-008cfac94154.json,140,"Selected the best model via aic from ThermalTime,Alternating and Uniforc.",0.2,fraxinus americana
371,ThermalTime,2018-03-16,2,cornus_florida-appalachianspring_371_bdea5610-2979-11e8-bd31-008cfac94154.json,145,"Selected the best model via aic from ThermalTime,Alternating and Uniforc.",0.2,cornus florida-appalachianspring
371,ThermalTime,2018-03-16,2,ulmus_americana_371_c4765f10-2979-11e8-abbd-008cfac94154.json,271,"Selected the best model via aic from ThermalTime,Alternating and Uniforc.",0.2,ulmus americana
371,Uniforc,2018-03-16,2,quercus_agrifolia_371_cba06240-2979-11e8-b627-008cfac94154.json,861,"Selected the best model via aic from ThermalTime,Alternating and Uniforc.",0.2,quercus agrifolia
371,ThermalTime,2018-03-16,2,chamaedaphne_calyculata_371_10eca67e-297a-11e8-8f88-008cfac94154.json,27,"Selected the best model via aic from ThermalTime,Alternating and Uniforc.",0.2,chamaedaphne calyculata
371,Alternating,2018-03-16,2,fraxinus_pennsylvanica_371_54c5bbf6-297a-11e8-9b7a-008cfac94154.json,82,"Selected the best model via aic from ThermalTime,Alternating and Uniforc.",0.2,fraxinus pennsylvanica
371,ThermalTime,2018-03-16,2,quercus_alba_371_652fbffa-297a-11e8-8ec2-008cfac94154.json,339,"Selected the best model via aic from ThermalTime,Alternating and Uniforc.",0.2,quercus alba
371,ThermalTime,2018-03-16,2,quercus_palustris_371_a7fce326-297a-11e8-9cf7-008cfac94154.json,78,"Selected the best model via aic from ThermalTime,Alternating and Uniforc.",0.2,quercus palustris
371,Uniforc,2018-03-16,2,populus_deltoides_371_bdb018e6-297a-11e8-aa25-008cfac94154.json,177,"Selected the best model via aic from ThermalTime,Alternating and Uniforc.",0.2,populus deltoides
371,ThermalTime,2018-03-16,2,nyssa_sylvatica_371_be8f6ece-297a-11e8-963f-008cfac94154.json,102,"Selected the best model via aic from ThermalTime,Alternating and Uniforc.",0.2,nyssa sylvatica
501,Uniforc,2018-03-16,2,eriogonum_fasciculatum_501_d825ce32-297a-11e8-9fc2-008cfac94154.json,372,"Selected the best model via aic from ThermalTime,Alternating and Uniforc.",0.2,eriogonum fasciculatum
371,ThermalTime,2018-03-16,2,larrea_tridentata_371_d866812a-297a-11e8-a784-008cfac94154.json,349,"Selected the best model via aic from ThermalTime,Alternating and Uniforc.",0.2,larrea tridentata
371,ThermalTime,2018-03-16,2,prunus_americana_371_d98483fe-297a-11e8-833d-008cfac94154.json,42,"Selected the best model via aic from ThermalTime,Alternating and Uniforc.",0.2,prunus americana
371,Alternating,2018-03-16,2,ledum_groenlandicum_371_ecede872-297a-11e8-baca-008cfac94154.json,40,"Selected the best model via aic from ThermalTime,Alternating and Uniforc.",0.2,ledum groenlandicum
501,ThermalTime,2018-03-16,2,claytonia_virginica_501_1af00412-297b-11e8-b44a-008cfac94154.json,50,"Selected the best model via aic from ThermalTime,Alternating and Uniforc.",0.2,claytonia virginica
501,Uniforc,2018-03-16,2,maianthemum_canadense_501_745685b2-297b-11e8-8a64-008cfac94154.json,452,"Selected the best model via aic from ThermalTime,Alternating and Uniforc.",0.2,maianthemum canadense
371,ThermalTime,2018-03-16,2,gaylussacia_baccata_371_827a7bda-297b-11e8-b4c8-008cfac94154.json,18,"Selected the best model via aic from ThermalTime,Alternating and Uniforc.",0.2,gaylussacia baccata
371,ThermalTime,2018-03-16,2,gleditsia_triacanthos_371_93653426-297b-11e8-b2c8-008cfac94154.json,20,"Selected the best model via aic from ThermalTime,Alternating and Uniforc.",0.2,gleditsia triacanthos
371,Alternating,2018-03-16,2,morella_pensylvanica_371_a34bac62-297b-11e8-bd31-008cfac94154.json,20,"Selected the best model via aic from ThermalTime,Alternating and Uniforc.",0.2,morella pensylvanica
371,Alternating,2018-03-16,2,magnolia_grandiflora_371_c2391eca-297b-11e8-b627-008cfac94154.json,62,"Selected the best model via aic from ThermalTime,Alternating and Uniforc.",0.2,magnolia grandiflora
371,Alternating,2018-03-16,2,robinia_pseudoacacia_371_c61b22cc-297b-11e8-abbd-008cfac94154.json,58,"Selected the best model via aic from ThermalTime,Alternating and Uniforc.",0.2,robinia pseudoacacia
371,ThermalTime,2018-03-16,2,quercus_rubra_371_0f58dd8a-297c-11e8-a0f7-008cfac94154.json,613,"Selected the best model via aic from ThermalTime,Alternating and Uniforc.",0.2,quercus rubra
371,ThermalTime,2018-03-16,2,rosa_rugosa_371_550343ca-297c-11e8-9b7a-008cfac94154.json,71,"Selected the best model via aic from ThermalTime,Alternating and Uniforc.",0.2,rosa rugosa
371,ThermalTime,2018-03-16,2,prunus_maritima_371_5ee337e2-297c-11e8-8ec2-008cfac94154.json,53,"Selected the best model via aic from ThermalTime,Alternating and Uniforc.",0.2,prunus maritima
501,ThermalTime,2018-03-16,2,amelanchier_grandiflora-autumnbrilliance_501_7241b386-297c-11e8-8f88-008cfac94154.json,141,"Selected the best model via aic from ThermalTime,Alternating and Uniforc.",0.2,amelanchier grandiflora-autumnbrilliance
371,ThermalTime,2018-03-16,2,prunus_virginiana_371_cded9060-297c-11e8-aa25-008cfac94154.json,134,"Selected the best model via aic from ThermalTime,Alternating and Uniforc.",0.2,prunus virginiana
371,Alternating,2018-03-16,2,oxydendrum_arboreum_371_d4c91d8c-297c-11e8-9fc2-008cfac94154.json,59,"Selected the best model via aic from ThermalTime,Alternating and Uniforc.",0.2,oxydendrum arboreum
371,Alternating,2018-03-16,2,malus_spp._371_d552be7a-297c-11e8-baca-008cfac94154.json,48,"Selected the best model via aic from ThermalTime,Alternating and Uniforc.",0.2,malus spp.
371,Uniforc,2018-03-16,2,tilia_americana_371_e01c8aa2-297c-11e8-9cf7-008cfac94154.json,119,"Selected the best model via aic from ThermalTime,Alternating and Uniforc.",0.2,tilia americana
501,Uniforc,2018-03-16,2,aesculus_flava_501_f283be54-297c-11e8-a784-008cfac94154.json,106,"Selected the best model via aic from ThermalTime,Alternating and Uniforc.",0.2,aesculus flava
371,Uniforc,2018-03-16,2,platanus_racemosa_371_1ef85e90-297d-11e8-963f-008cfac94154.json,222,"Selected the best model via aic from ThermalTime,Alternating and Uniforc.",0.2,platanus racemosa
501,Uniforc,2018-03-16,2,acer_negundo_501_41bc0ae4-297d-11e8-b44a-008cfac94154.json,114,"Selected the best model via aic from ThermalTime,Alternating and Uniforc.",0.2,acer negundo
371,Uniforc,2018-03-16,2,quercus_velutina_371_46af5f10-297d-11e8-833d-008cfac94154.json,297,"Selected the best model via aic from ThermalTime,Alternating and Uniforc.",0.2,quercus velutina
371,ThermalTime,2018-03-16,2,ostrya_virginiana_371_5596be7e-297d-11e8-8a64-008cfac94154.json,14,"Selected the best model via aic from ThermalTime,Alternating and Uniforc.",0.2,ostrya virginiana
371,Alternating,2018-03-16,2,quercus_douglasii_371_833e6570-297d-11e8-b4c8-008cfac94154.json,108,"Selected the best model via aic from ThermalTime,Alternating and Uniforc.",0.2,quercus douglasii
371,Alternating,2018-03-16,2,populus_fremontii_371_85f30a00-297d-11e8-b2c8-008cfac94154.json,94,"Selected the best model via aic from ThermalTime,Alternating and Uniforc.",0.2,populus fremontii
371,Alternating,2018-03-16,2,quercus_gambelii_371_a2d2c6ce-297d-11e8-bd31-008cfac94154.json,96,"Selected the best model via aic from ThermalTime,Alternating and Uniforc.",0.2,quercus gambelii
371,Alternating,2018-03-16,2,quercus_macrocarpa_371_cc7706ca-297d-11e8-abbd-008cfac94154.json,95,"Selected the best model via aic from ThermalTime,Alternating and Uniforc.",0.2,quercus macrocarpa
371,Alternating,2018-03-16,2,rosa_californica_371_e5886c44-297d-11e8-b627-008cfac94154.json,140,"Selected the best model via aic from ThermalTime,Alternating and Uniforc.",0.2,rosa californica
371,ThermalTime,2018-03-16,2,prunus_persica_371_f5516946-297d-11e8-a0f7-008cfac94154.json,79,"Selected the best model via aic from ThermalTime,Alternating and Uniforc.",0.2,prunus persica
371,Uniforc,2018-03-16,2,vaccinium_vitis-idaea_371_3bc79760-297e-11e8-9b7a-008cfac94154.json,9,"Selected the best model via aic from ThermalTime,Alternating and Uniforc.",0.2,vaccinium vitis-idaea
501,Alternating,2018-03-16,2,acer_saccharinum_501_59de61fc-297e-11e8-8ec2-008cfac94154.json,29,"Selected the best model via aic from ThermalTime,Alternating and Uniforc.",0.2,acer saccharinum
371,ThermalTime,2018-03-16,2,vaccinium_corymbosum_371_e14db138-297e-11e8-baca-008cfac94154.json,91,"Selected the best model via aic from ThermalTime,Alternating and Uniforc.",0.2,vaccinium corymbosum
371,ThermalTime,2018-03-16,2,rhododendron_macrophyllum_371_e5771a38-297e-11e8-9cf7-008cfac94154.json,64,"Selected the best model via aic from ThermalTime,Alternating and Uniforc.",0.2,rhododendron macrophyllum
501,Alternating,2018-03-16,2,sorbus_americana_501_f7b336f0-297e-11e8-a784-008cfac94154.json,39,"Selected the best model via aic from ThermalTime,Alternating and Uniforc.",0.2,sorbus americana
371,ThermalTime,2018-03-16,2,quercus_laurifolia_371_0717a158-297f-11e8-963f-008cfac94154.json,28,"Selected the best model via aic from ThermalTime,Alternating and Uniforc.",0.2,quercus laurifolia
371,ThermalTime,2018-03-16,2,umbellularia_californica_371_1c47599c-297f-11e8-9fc2-008cfac94154.json,352,"Selected the best model via aic from ThermalTime,Alternating and Uniforc.",0.2,umbellularia californica
371,ThermalTime,2018-03-16,2,simmondsia_chinensis_371_50831bf6-297f-11e8-8a64-008cfac94154.json,51,"Selected the best model via aic from ThermalTime,Alternating and Uniforc.",0.2,simmondsia chinensis
371,Alternating,2018-03-16,2,salix_lasiolepis_371_5a3db66a-297f-11e8-833d-008cfac94154.json,57,"Selected the best model via aic from ThermalTime,Alternating and Uniforc.",0.2,salix lasiolepis
501,ThermalTime,2018-03-16,2,diplacus_aurantiacus_501_695c791a-297f-11e8-b44a-008cfac94154.json,119,"Selected the best model via aic from ThermalTime,Alternating and Uniforc.",0.2,diplacus aurantiacus
371,Alternating,2018-03-16,2,sambucus_nigra-cerulea_371_6b44c192-297f-11e8-8f88-008cfac94154.json,669,"Selected the best model via aic from ThermalTime,Alternating and Uniforc.",0.2,sambucus nigra-cerulea
501,ThermalTime,2018-03-16,2,acer_pensylvanicum_501_8699cfb4-297f-11e8-b4c8-008cfac94154.json,44,"Selected the best model via aic from ThermalTime,Alternating and Uniforc.",0.2,acer pensylvanicum
371,ThermalTime,2018-03-16,2,sambucus_nigra_371_c6be73e2-297f-11e8-b2c8-008cfac94154.json,149,"Selected the best model via aic from ThermalTime,Alternating and Uniforc.",0.2,sambucus nigra
371,Alternating,2018-03-16,2,sorbus_americana_371_d51210a2-297f-11e8-b627-008cfac94154.json,24,"Selected the best model via aic from ThermalTime,Alternating and Uniforc.",0.2,sorbus americana
501,ThermalTime,2018-03-16,2,toxicodendron_diversilobum_501_de3fc6e2-297f-11e8-a0f7-008cfac94154.json,30,"Selected the best model via aic from ThermalTime,Alternating and Uniforc.",0.2,toxicodendron diversilobum
501,Uniforc,2018-03-16,2,asclepias_syriaca_501_eba0c160-297f-11e8-aa25-008cfac94154.json,609,"Selected the best model via aic from ThermalTime,Alternating and Uniforc.",0.2,asclepias syriaca
371,Alternating,2018-03-16,2,quercus_virginiana_371_1de159c8-2980-11e8-9b7a-008cfac94154.json,42,"Selected the best model via aic from ThermalTime,Alternating and Uniforc.",0.2,quercus virginiana
501,Uniforc,2018-03-16,2,acer_saccharum_501_91a8d4da-2980-11e8-abbd-008cfac94154.json,538,"Selected the best model via aic from ThermalTime,Alternating and Uniforc.",0.2,acer saccharum
371,Alternating,2018-03-16,2,rubus_ursinus_371_c80ab084-2980-11e8-9cf7-008cfac94154.json,16,"Selected the best model via aic from ThermalTime,Alternating and Uniforc.",0.2,rubus ursinus
501,ThermalTime,2018-03-16,2,caltha_palustris_501_de8d94de-2980-11e8-baca-008cfac94154.json,51,"Selected the best model via aic from ThermalTime,Alternating and Uniforc.",0.2,caltha palustris
371,ThermalTime,2018-03-16,2,salix_hookeriana_371_fb61a87a-2980-11e8-963f-008cfac94154.json,48,"Selected the best model via aic from ThermalTime,Alternating and Uniforc.",0.2,salix hookeriana
501,Uniforc,2018-03-16,2,arctostaphylos_patula_501_1dd0ce04-2981-11e8-9fc2-008cfac94154.json,61,"Selected the best model via aic from ThermalTime,Alternating and Uniforc.",0.2,arctostaphylos patula
501,ThermalTime,2018-03-16,2,carya_glabra_501_2e9a4bfc-2981-11e8-a784-008cfac94154.json,138,"Selected the best model via aic from ThermalTime,Alternating and Uniforc.",0.2,carya glabra
371,ThermalTime,2018-03-16,2,sambucus_racemosa_371_359b81c8-2981-11e8-8a64-008cfac94154.json,18,"Selected the best model via aic from ThermalTime,Alternating and Uniforc.",0.2,sambucus racemosa
501,Alternating,2018-03-16,2,arctostaphylos_uva-ursi_501_6f2bd410-2981-11e8-8f88-008cfac94154.json,41,"Selected the best model via aic from ThermalTime,Alternating and Uniforc.",0.2,arctostaphylos uva-ursi
501,Uniforc,2018-03-16,2,sambucus_nigra-cerulea_501_7ae056fa-2981-11e8-bd31-008cfac94154.json,803,"Selected the best model via aic from ThermalTime,Alternating and Uniforc.",0.2,sambucus nigra-cerulea
501,ThermalTime,2018-03-16,2,adenostoma_fasciculatum_501_883b636c-2981-11e8-b44a-008cfac94154.json,125,"Selected the best model via aic from ThermalTime,Alternating and Uniforc.",0.2,adenostoma fasciculatum
501,Uniforc,2018-03-16,2,clintonia_borealis_501_a6105dca-2981-11e8-b4c8-008cfac94154.json,123,"Selected the best model via aic from ThermalTime,Alternating and Uniforc.",0.2,clintonia borealis
371,ThermalTime,2018-03-16,2,toxicodendron_diversilobum_371_b9b43aea-2981-11e8-b627-008cfac94154.json,31,"Selected the best model via aic from ThermalTime,Alternating and Uniforc.",0.2,toxicodendron diversilobum
501,Uniforc,2018-03-16,2,atriplex_canescens_501_ca0a7364-2981-11e8-833d-008cfac94154.json,199,"Selected the best model via aic from ThermalTime,Alternating and Uniforc.",0.2,atriplex canescens
501,ThermalTime,2018-03-16,2,amelanchier_alnifolia_501_d5bb525a-2981-11e8-a0f7-008cfac94154.json,58,"Selected the best model via aic from ThermalTime,Alternating and Uniforc.",0.2,amelanchier alnifolia
501,Uniforc,2018-03-16,2,aesculus_californica_501_0625c268-2982-11e8-aa25-008cfac94154.json,126,"Selected the best model via aic from ThermalTime,Alternating and Uniforc.",0.2,aesculus californica
501,Uniforc,2018-03-16,2,quercus_lobata_501_0cd28614-2982-11e8-8ec2-008cfac94154.json,815,"Selected the best model via aic from ThermalTime,Alternating and Uniforc.",0.2,quercus lobata
501,Alternating,2018-03-16,2,cercis_canadensis_501_2cae5c9c-2982-11e8-b2c8-008cfac94154.json,249,"Selected the best model via aic from ThermalTime,Alternating and Uniforc.",0.2,cercis canadensis
501,Alternating,2018-03-16,2,acer_macrophyllum_501_8320837a-2982-11e8-abbd-008cfac94154.json,41,"Selected the best model via aic from ThermalTime,Alternating and Uniforc.",0.2,acer macrophyllum
501,Uniforc,2018-03-16,2,achillea_millefolium_501_f343772a-2982-11e8-963f-008cfac94154.json,56,"Selected the best model via aic from ThermalTime,Alternating and Uniforc.",0.2,achillea millefolium
501,ThermalTime,2018-03-16,2,acacia_greggii_501_1d6ddc3e-2983-11e8-a784-008cfac94154.json,57,"Selected the best model via aic from ThermalTime,Alternating and Uniforc.",0.2,acacia greggii
501,ThermalTime,2018-03-16,2,amelanchier_canadensis_501_21722c68-2983-11e8-9fc2-008cfac94154.json,58,"Selected the best model via aic from ThermalTime,Alternating and Uniforc.",0.2,amelanchier canadensis
501,ThermalTime,2018-03-16,2,aquilegia_canadensis_501_25231f0c-2983-11e8-8a64-008cfac94154.json,23,"Selected the best model via aic from ThermalTime,Alternating and Uniforc.",0.2,aquilegia canadensis
501,Alternating,2018-03-16,2,alnus_incana_501_7128490e-2983-11e8-bd31-008cfac94154.json,83,"Selected the best model via aic from ThermalTime,Alternating and Uniforc.",0.2,alnus incana
501,ThermalTime,2018-03-16,2,cornus_florida_501_81d45f2c-2983-11e8-baca-008cfac94154.json,479,"Selected the best model via aic from ThermalTime,Alternating and Uniforc.",0.2,cornus florida
501,ThermalTime,2018-03-16,2,betula_papyrifera_501_885eb838-2983-11e8-b44a-008cfac94154.json,47,"Selected the best model via aic from ThermalTime,Alternating and Uniforc.",0.2,betula papyrifera
501,Alternating,2018-03-16,2,betula_alleghaniensis_501_92880eae-2983-11e8-8f88-008cfac94154.json,87,"Selected the best model via aic from ThermalTime,Alternating and Uniforc.",0.2,betula alleghaniensis
501,Uniforc,2018-03-16,2,quercus_agrifolia_501_9a5d8082-2983-11e8-9b7a-008cfac94154.json,778,"Selected the best model via aic from ThermalTime,Alternating and Uniforc.",0.2,quercus agrifolia
501,Alternating,2018-03-16,2,verbesina_alternifolia_501_bf46de98-2983-11e8-833d-008cfac94154.json,4,"Selected the best model via aic from ThermalTime,Alternating and Uniforc.",0.2,verbesina alternifolia
501,Uniforc,2018-03-16,2,cornus_canadensis_501_c4ca66f0-2983-11e8-b4c8-008cfac94154.json,103,"Selected the best model via aic from ThermalTime,Alternating and Uniforc.",0.2,cornus canadensis
501,ThermalTime,2018-03-16,2,heteromeles_arbutifolia_501_d23afef8-2983-11e8-b627-008cfac94154.json,84,"Selected the best model via aic from ThermalTime,Alternating and Uniforc.",0.2,heteromeles arbutifolia
501,ThermalTime,2018-03-16,2,artemisia_tridentata_501_fa21c0d2-2983-11e8-8ec2-008cfac94154.json,28,"Selected the best model via aic from ThermalTime,Alternating and Uniforc.",0.2,artemisia tridentata
501,ThermalTime,2018-03-16,2,carpinus_caroliniana_501_0843e848-2984-11e8-aa25-008cfac94154.json,48,"Selected the best model via aic from ThermalTime,Alternating and Uniforc.",0.2,carpinus caroliniana
501,Uniforc,2018-03-16,2,ulmus_americana_501_1de8c1e6-2984-11e8-a0f7-008cfac94154.json,160,"Selected the best model via aic from ThermalTime,Alternating and Uniforc.",0.2,ulmus americana
501,ThermalTime,2018-03-16,2,baccharis_pilularis_501_c657548c-2984-11e8-b2c8-008cfac94154.json,511,"Selected the best model via aic from ThermalTime,Alternating and Uniforc.",0.2,baccharis pilularis
501,Uniforc,2018-03-16,2,forsythia_spp._501_d624944c-2984-11e8-abbd-008cfac94154.json,224,"Selected the best model via aic from ThermalTime,Alternating and Uniforc.",0.2,forsythia spp.
501,ThermalTime,2018-03-16,2,artemisia_californica_501_06a0ff8e-2985-11e8-8a64-008cfac94154.json,34,"Selected the best model via aic from ThermalTime,Alternating and Uniforc.",0.2,artemisia californica
501,ThermalTime,2018-03-16,2,trillium_ovatum_501_12c24020-2985-11e8-963f-008cfac94154.json,84,"Selected the best model via aic from ThermalTime,Alternating and Uniforc.",0.2,trillium ovatum
501,ThermalTime,2018-03-16,2,betula_nigra_501_42fdb9d6-2985-11e8-a784-008cfac94154.json,119,"Selected the best model via aic from ThermalTime,Alternating and Uniforc.",0.2,betula nigra
501,Alternating,2018-03-16,2,fragaria_virginiana_501_51688532-2985-11e8-9fc2-008cfac94154.json,130,"Selected the best model via aic from ThermalTime,Alternating and Uniforc.",0.2,fragaria virginiana
501,Alternating,2018-03-16,2,asclepias_tuberosa_501_6b7e6036-2985-11e8-b44a-008cfac94154.json,34,"Selected the best model via aic from ThermalTime,Alternating and Uniforc.",0.2,asclepias tuberosa
501,ThermalTime,2018-03-16,2,chamaedaphne_calyculata_501_738daad4-2985-11e8-baca-008cfac94154.json,31,"Selected the best model via aic from ThermalTime,Alternating and Uniforc.",0.2,chamaedaphne calyculata
501,ThermalTime,2018-03-16,2,lonicera_maackii_501_85bea73a-2985-11e8-8f88-008cfac94154.json,13,"Selected the best model via aic from ThermalTime,Alternating and Uniforc.",0.2,lonicera maackii
501,Uniforc,2018-03-16,2,fraxinus_pennsylvanica_501_91903ee8-2985-11e8-9b7a-008cfac94154.json,31,"Selected the best model via aic from ThermalTime,Alternating and Uniforc.",0.2,fraxinus pennsylvanica
501,Uniforc,2018-03-16,2,carya_illinoinensis_501_b23519ac-2985-11e8-b4c8-008cfac94154.json,17,"Selected the best model via aic from ThermalTime,Alternating and Uniforc.",0.2,carya illinoinensis
501,Alternating,2018-03-16,2,cephalanthus_occidentalis_501_c631c8ec-2985-11e8-b627-008cfac94154.json,24,"Selected the best model via aic from ThermalTime,Alternating and Uniforc.",0.2,cephalanthus occidentalis
501,Uniforc,2018-03-16,2,cornus_sericea_501_01443e2e-2986-11e8-8ec2-008cfac94154.json,89,"Selected the best model via aic from ThermalTime,Alternating and Uniforc.",0.2,cornus sericea
501,ThermalTime,2018-03-16,2,carnegiea_gigantea_501_073be9bc-2986-11e8-aa25-008cfac94154.json,94,"Selected the best model via aic from ThermalTime,Alternating and Uniforc.",0.2,carnegiea gigantea
501,Uniforc,2018-03-16,2,prosopis_velutina_501_07d3c03e-2986-11e8-9cf7-008cfac94154.json,2590,"Selected the best model via aic from ThermalTime,Alternating and Uniforc.",0.2,prosopis velutina
501,Alternating,2018-03-16,2,liquidambar_styraciflua_501_10bbf0f4-2986-11e8-833d-008cfac94154.json,188,"Selected the best model via aic from ThermalTime,Alternating and Uniforc.",0.2,liquidambar styraciflua
501,Alternating,2018-03-16,2,mertensia_virginica_501_2d21c1ba-2986-11e8-a0f7-008cfac94154.json,82,"Selected the best model via aic from ThermalTime,Alternating and Uniforc.",0.2,mertensia virginica
501,Alternating,2018-03-16,2,liriodendron_tulipifera_501_4f44eaa6-2986-11e8-bd31-008cfac94154.json,446,"Selected the best model via aic from ThermalTime,Alternating and Uniforc.",0.2,liriodendron tulipifera
501,ThermalTime,2018-03-16,2,cornus_florida-appalachianspring_501_b86927ea-2986-11e8-b2c8-008cfac94154.json,29,"Selected the best model via aic from ThermalTime,Alternating and Uniforc.",0.2,cornus florida-appalachianspring
501,ThermalTime,2018-03-16,2,ginkgo_biloba_501_d13674e4-2986-11e8-abbd-008cfac94154.json,23,"Selected the best model via aic from ThermalTime,Alternating and Uniforc.",0.2,ginkgo biloba
501,Alternating,2018-03-16,2,coleogyne_ramosissima_501_048714fc-2987-11e8-8a64-008cfac94154.json,51,"Selected the best model via aic from ThermalTime,Alternating and Uniforc.",0.2,coleogyne ramosissima
501,Alternating,2018-03-16,2,podophyllum_peltatum_501_150424fa-2987-11e8-963f-008cfac94154.json,35,"Selected the best model via aic from ThermalTime,Alternating and Uniforc.",0.2,podophyllum peltatum
501,ThermalTime,2018-03-16,2,chilopsis_linearis_501_38040d44-2987-11e8-a784-008cfac94154.json,41,"Selected the best model via aic from ThermalTime,Alternating and Uniforc.",0.2,chilopsis linearis
501,ThermalTime,2018-03-16,2,celtis_occidentalis_501_4a9529b6-2987-11e8-b44a-008cfac94154.json,16,"Selected the best model via aic from ThermalTime,Alternating and Uniforc.",0.2,celtis occidentalis
501,ThermalTime,2018-03-16,2,populus_deltoides_501_73fcfd06-2987-11e8-baca-008cfac94154.json,110,"Selected the best model via aic from ThermalTime,Alternating and Uniforc.",0.2,populus deltoides
501,Alternating,2018-03-16,2,ferocactus_wislizeni_501_7fd315b6-2987-11e8-9fc2-008cfac94154.json,178,"Selected the best model via aic from ThermalTime,Alternating and Uniforc.",0.2,ferocactus wislizeni
501,Uniforc,2018-03-16,2,eurybia_divaricata_501_85b0b330-2987-11e8-8f88-008cfac94154.json,67,"Selected the best model via aic from ThermalTime,Alternating and Uniforc.",0.2,eurybia divaricata
501,ThermalTime,2018-03-16,2,sambucus_racemosa_501_8b9a80be-2987-11e8-9b7a-008cfac94154.json,35,"Selected the best model via aic from ThermalTime,Alternating and Uniforc.",0.2,sambucus racemosa
501,ThermalTime,2018-03-16,2,trillium_erectum_501_bd6e33ec-2987-11e8-b4c8-008cfac94154.json,43,"Selected the best model via aic from ThermalTime,Alternating and Uniforc.",0.2,trillium erectum
501,Alternating,2018-03-16,2,diospyros_virginiana_501_e90f789e-2987-11e8-9cf7-008cfac94154.json,6,"Selected the best model via aic from ThermalTime,Alternating and Uniforc.",0.2,diospyros virginiana
501,ThermalTime,2018-03-16,2,vaccinium_vitis-idaea_501_089fadaa-2988-11e8-aa25-008cfac94154.json,54,"Selected the best model via aic from ThermalTime,Alternating and Uniforc.",0.2,vaccinium vitis-idaea
501,ThermalTime,2018-03-16,2,echinacea_purpurea_501_14d243ee-2988-11e8-a0f7-008cfac94154.json,20,"Selected the best model via aic from ThermalTime,Alternating and Uniforc.",0.2,echinacea purpurea
501,Alternating,2018-03-16,2,penstemon_newberryi_501_2f46f1f2-2988-11e8-8ec2-008cfac94154.json,141,"Selected the best model via aic from ThermalTime,Alternating and Uniforc.",0.2,penstemon newberryi
501,ThermalTime,2018-03-16,2,fagus_grandifolia_501_3d156782-2988-11e8-833d-008cfac94154.json,185,"Selected the best model via aic from ThermalTime,Alternating and Uniforc.",0.2,fagus grandifolia
501,Uniforc,2018-03-16,2,eschscholzia_californica_501_3edb3204-2988-11e8-bd31-008cfac94154.json,44,"Selected the best model via aic from ThermalTime,Alternating and Uniforc.",0.2,eschscholzia californica
501,Uniforc,2018-03-16,2,prunus_serotina_501_b0a4e07e-2988-11e8-b627-008cfac94154.json,556,"Selected the best model via aic from ThermalTime,Alternating and Uniforc.",0.2,prunus serotina
501,ThermalTime,2018-03-16,2,lathyrus_littoralis_501_bd66b2ba-2988-11e8-b2c8-008cfac94154.json,43,"Selected the best model via aic from ThermalTime,Alternating and Uniforc.",0.2,lathyrus littoralis
501,Alternating,2018-03-16,2,quercus_alba_501_fc627aee-2988-11e8-abbd-008cfac94154.json,135,"Selected the best model via aic from ThermalTime,Alternating and Uniforc.",0.2,quercus alba
501,Alternating,2018-03-16,2,trifolium_repens_501_fd4df4d8-2988-11e8-963f-008cfac94154.json,3,"Selected the best model via aic from ThermalTime,Alternating and Uniforc.",0.2,trifolium repens
501,Uniforc,2018-03-16,2,prunus_maritima_501_014564cc-2989-11e8-8a64-008cfac94154.json,56,"Selected the best model via aic from ThermalTime,Alternating and Uniforc.",0.2,prunus maritima
501,ThermalTime,2018-03-16,2,ericameria_nauseosa_501_275dc618-2989-11e8-b44a-008cfac94154.json,25,"Selected the best model via aic from ThermalTime,Alternating and Uniforc.",0.2,ericameria nauseosa
501,ThermalTime,2018-03-16,2,ilex_verticillata_501_4650df38-2989-11e8-a784-008cfac94154.json,74,"Selected the best model via aic from ThermalTime,Alternating and Uniforc.",0.2,ilex verticillata
501,ThermalTime,2018-03-16,2,oxydendrum_arboreum_501_67c02264-2989-11e8-9fc2-008cfac94154.json,3,"Selected the best model via aic from ThermalTime,Alternating and Uniforc.",0.2,oxydendrum arboreum
501,ThermalTime,2018-03-16,2,gaylussacia_baccata_501_7e0c248c-2989-11e8-8f88-008cfac94154.json,16,"Selected the best model via aic from ThermalTime,Alternating and Uniforc.",0.2,gaylussacia baccata
501,Uniforc,2018-03-16,2,ledum_groenlandicum_501_943d538e-2989-11e8-9b7a-008cfac94154.json,66,"Selected the best model via aic from ThermalTime,Alternating and Uniforc.",0.2,ledum groenlandicum
501,ThermalTime,2018-03-16,2,parkinsonia_microphylla_501_962397e4-2989-11e8-baca-008cfac94154.json,94,"Selected the best model via aic from ThermalTime,Alternating and Uniforc.",0.2,parkinsonia microphylla
501,Uniforc,2018-03-16,2,heracleum_maximum_501_e25651ec-2989-11e8-9cf7-008cfac94154.json,39,"Selected the best model via aic from ThermalTime,Alternating and Uniforc.",0.2,heracleum maximum
501,Alternating,2018-03-16,2,larrea_tridentata_501_f776352e-2989-11e8-b4c8-008cfac94154.json,216,"Selected the best model via aic from ThermalTime,Alternating and Uniforc.",0.2,larrea tridentata
501,ThermalTime,2018-03-16,2,gleditsia_triacanthos_501_0fdc319a-298a-11e8-8ec2-008cfac94154.json,8,"Selected the best model via aic from ThermalTime,Alternating and Uniforc.",0.2,gleditsia triacanthos
501,Alternating,2018-03-16,2,yucca_brevifolia_501_2776a844-298a-11e8-a0f7-008cfac94154.json,89,"Selected the best model via aic from ThermalTime,Alternating and Uniforc.",0.2,yucca brevifolia
501,Uniforc,2018-03-16,2,hamamelis_virginiana_501_4735e4d8-298a-11e8-bd31-008cfac94154.json,105,"Selected the best model via aic from ThermalTime,Alternating and Uniforc.",0.2,hamamelis virginiana
501,ThermalTime,2018-03-16,2,platanus_racemosa_501_666cbc78-298a-11e8-aa25-008cfac94154.json,221,"Selected the best model via aic from ThermalTime,Alternating and Uniforc.",0.2,platanus racemosa
501,Alternating,2018-03-16,2,symphoricarpos_albus_501_74673588-298a-11e8-833d-008cfac94154.json,147,"Selected the best model via aic from ThermalTime,Alternating and Uniforc.",0.2,symphoricarpos albus
501,Uniforc,2018-03-16,2,malus_spp._501_b0f18d1e-298a-11e8-b2c8-008cfac94154.json,30,"Selected the best model via aic from ThermalTime,Alternating and Uniforc.",0.2,malus spp.
501,Alternating,2018-03-16,2,juglans_nigra_501_b25fa1b8-298a-11e8-b627-008cfac94154.json,63,"Selected the best model via aic from ThermalTime,Alternating and Uniforc.",0.2,juglans nigra
501,ThermalTime,2018-03-16,2,impatiens_capensis_501_e1843be8-298a-11e8-abbd-008cfac94154.json,33,"Selected the best model via aic from ThermalTime,Alternating and Uniforc.",0.2,impatiens capensis
501,ThermalTime,2018-03-16,2,viburnum_lantanoides_501_1716a264-298b-11e8-963f-008cfac94154.json,86,"Selected the best model via aic from ThermalTime,Alternating and Uniforc.",0.2,viburnum lantanoides
501,Alternating,2018-03-16,2,populus_tremuloides_501_3229cd88-298b-11e8-b44a-008cfac94154.json,130,"Selected the best model via aic from ThermalTime,Alternating and Uniforc.",0.2,populus tremuloides
501,ThermalTime,2018-03-16,2,vaccinium_corymbosum_501_34b5d8b2-298b-11e8-8a64-008cfac94154.json,157,"Selected the best model via aic from ThermalTime,Alternating and Uniforc.",0.2,vaccinium corymbosum
501,Alternating,2018-03-16,2,solidago_sempervirens_501_417116f2-298b-11e8-a784-008cfac94154.json,24,"Selected the best model via aic from ThermalTime,Alternating and Uniforc.",0.2,solidago sempervirens
501,Alternating,2018-03-16,2,magnolia_grandiflora_501_7c952282-298b-11e8-9b7a-008cfac94154.json,28,"Selected the best model via aic from ThermalTime,Alternating and Uniforc.",0.2,magnolia grandiflora
501,Alternating,2018-03-16,2,rosa_californica_501_7e0582f6-298b-11e8-9fc2-008cfac94154.json,92,"Selected the best model via aic from ThermalTime,Alternating and Uniforc.",0.2,rosa californica
501,Uniforc,2018-03-16,2,symphyotrichum_novae-angliae_501_7ee4722c-298b-11e8-8f88-008cfac94154.json,47,"Selected the best model via aic from ThermalTime,Alternating and Uniforc.",0.2,symphyotrichum novae-angliae
501,ThermalTime,2018-03-16,2,ostrya_virginiana_501_8428b5c2-298b-11e8-baca-008cfac94154.json,16,"Selected the best model via aic from ThermalTime,Alternating and Uniforc.",0.2,ostrya virginiana
501,Alternating,2018-03-16,2,nyssa_sylvatica_501_f715da4c-298b-11e8-8ec2-008cfac94154.json,14,"Selected the best model via aic from ThermalTime,Alternating and Uniforc.",0.2,nyssa sylvatica
501,ThermalTime,2018-03-16,2,taraxacum_officinale_501_000b1c7a-298c-11e8-9cf7-008cfac94154.json,142,"Selected the best model via aic from ThermalTime,Alternating and Uniforc.",0.2,taraxacum officinale
501,Alternating,2018-03-16,2,prosopis_glandulosa_501_2ce87a4e-298c-11e8-a0f7-008cfac94154.json,102,"Selected the best model via aic from ThermalTime,Alternating and Uniforc.",0.2,prosopis glandulosa
501,ThermalTime,2018-03-16,2,quercus_velutina_501_54996bde-298c-11e8-b4c8-008cfac94154.json,257,"Selected the best model via aic from ThermalTime,Alternating and Uniforc.",0.2,quercus velutina
501,ThermalTime,2018-03-16,2,prunus_virginiana_501_632cec16-298c-11e8-bd31-008cfac94154.json,121,"Selected the best model via aic from ThermalTime,Alternating and Uniforc.",0.2,prunus virginiana
501,Alternating,2018-03-16,2,quercus_macrocarpa_501_65c31c02-298c-11e8-833d-008cfac94154.json,26,"Selected the best model via aic from ThermalTime,Alternating and Uniforc.",0.2,quercus macrocarpa
501,Alternating,2018-03-16,2,rosa_rugosa_501_821f0e92-298c-11e8-aa25-008cfac94154.json,97,"Selected the best model via aic from ThermalTime,Alternating and Uniforc.",0.2,rosa rugosa
501,ThermalTime,2018-03-16,2,thalictrum_thalictroides_501_9f840b04-298c-11e8-b627-008cfac94154.json,8,"Selected the best model via aic from ThermalTime,Alternating and Uniforc.",0.2,thalictrum thalictroides
501,Alternating,2018-03-16,2,populus_fremontii_501_a5cfa1a8-298c-11e8-b2c8-008cfac94154.json,78,"Selected the best model via aic from ThermalTime,Alternating and Uniforc.",0.2,populus fremontii
501,ThermalTime,2018-03-16,2,prunus_americana_501_cbafe888-298c-11e8-abbd-008cfac94154.json,29,"Selected the best model via aic from ThermalTime,Alternating and Uniforc.",0.2,prunus americana
501,Alternating,2018-03-16,2,trillium_grandiflorum_501_0e9b89cc-298d-11e8-963f-008cfac94154.json,40,"Selected the best model via aic from ThermalTime,Alternating and Uniforc.",0.2,trillium grandiflorum
501,ThermalTime,2018-03-16,2,rhododendron_macrophyllum_501_29b8aef6-298d-11e8-b44a-008cfac94154.json,62,"Selected the best model via aic from ThermalTime,Alternating and Uniforc.",0.2,rhododendron macrophyllum
501,ThermalTime,2018-03-16,2,yucca_schidigera_501_31908a90-298d-11e8-a784-008cfac94154.json,16,"Selected the best model via aic from ThermalTime,Alternating and Uniforc.",0.2,yucca schidigera
501,ThermalTime,2018-03-16,2,simmondsia_chinensis_501_3bbb3cc2-298d-11e8-8a64-008cfac94154.json,127,"Selected the best model via aic from ThermalTime,Alternating and Uniforc.",0.2,simmondsia chinensis
501,ThermalTime,2018-03-16,2,quercus_gambelii_501_5f126e02-298d-11e8-8f88-008cfac94154.json,3,"Selected the best model via aic from ThermalTime,Alternating and Uniforc.",0.2,quercus gambelii
501,ThermalTime,2018-03-16,2,pulsatilla_patens_501_6d0e6f10-298d-11e8-9b7a-008cfac94154.json,23,"Selected the best model via aic from ThermalTime,Alternating and Uniforc.",0.2,pulsatilla patens
501,Alternating,2018-03-16,2,prunus_persica_501_745c398c-298d-11e8-baca-008cfac94154.json,30,"Selected the best model via aic from ThermalTime,Alternating and Uniforc.",0.2,prunus persica
501,ThermalTime,2018-03-16,2,quercus_rubra_501_a77cac8e-298d-11e8-9fc2-008cfac94154.json,258,"Selected the best model via aic from ThermalTime,Alternating and Uniforc.",0.2,quercus rubra
501,Alternating,2018-03-16,2,quercus_virginiana_501_d5c53da4-298d-11e8-8ec2-008cfac94154.json,14,"Selected the best model via aic from ThermalTime,Alternating and Uniforc.",0.2,quercus virginiana
501,Alternating,2018-03-16,2,quercus_palustris_501_e775be20-298d-11e8-9cf7-008cfac94154.json,35,"Selected the best model via aic from ThermalTime,Alternating and Uniforc.",0.2,quercus palustris
501,ThermalTime,2018-03-16,2,tilia_americana_501_0b21c0f8-298e-11e8-a0f7-008cfac94154.json,53,"Selected the best model via aic from ThermalTime,Alternating and Uniforc.",0.2,tilia americana
501,ThermalTime,2018-03-16,2,umbellularia_californica_501_37b7c2ca-298e-11e8-b4c8-008cfac94154.json,73,"Selected the best model via aic from ThermalTime,Alternating and Uniforc.",0.2,umbellularia californica
501,ThermalTime,2018-03-16,2,quercus_douglasii_501_488f4c1c-298e-11e8-bd31-008cfac94154.json,75,"Selected the best model via aic from ThermalTime,Alternating and Uniforc.",0.2,quercus douglasii
501,Alternating,2018-03-16,2,rubus_ursinus_501_51267724-298e-11e8-aa25-008cfac94154.json,25,"Selected the best model via aic from ThermalTime,Alternating and Uniforc.",0.2,rubus ursinus
501,ThermalTime,2018-03-16,2,salix_lasiolepis_501_51b640ca-298e-11e8-833d-008cfac94154.json,92,"Selected the best model via aic from ThermalTime,Alternating and Uniforc.",0.2,salix lasiolepis
501,ThermalTime,2018-03-16,2,robinia_pseudoacacia_501_6c633b4e-298e-11e8-b2c8-008cfac94154.json,25,"Selected the best model via aic from ThermalTime,Alternating and Uniforc.",0.2,robinia pseudoacacia
501,ThermalTime,2018-03-16,2,salix_hookeriana_501_6e9b8cb8-298e-11e8-b627-008cfac94154.json,53,"Selected the best model via aic from ThermalTime,Alternating and Uniforc.",0.2,salix hookeriana
